{
  "carvers": [
    "minecraft:cave",
    "minecraft:cave_extra_underground",
    "minecraft:canyon"
  ],
  "downfall": 0.7,
  "effects": {
    "dry_foliage_color": 8944183,
    "fog_color": 12638463,
    "mood_sound": {
      "block_search_extent": 8,
      "offset": 2.0,
      "sound": "minecraft:ambient.cave",
      "tick_delay": 6000
    },
    "sky_color": 7254527,
    "water_color": 4675942,
    "water_fog_color": 923676,
    "grass_color": 8818261,
    "foliage_color": 10589510
  },
  "features": [
    [
      "still_life:stone_cliff",
      "still_life:steep_slope_woodlands"
	],
    [
	  "still_life:pf_other/ground/monolith",
	  "still_life:pf_other/ground/monolith_small",
      "minecraft:lake_lava_underground",
      "minecraft:lake_lava_surface"
    ],
    [
      "minecraft:amethyst_geode",
	  "still_life:pf_other/ground/boulders_rare"
    ],
    [
      "minecraft:monster_room",
      "minecraft:monster_room_deep"
    ],
    [],
    [],
    [
      "minecraft:ore_dirt",
      "minecraft:ore_gravel",
      "minecraft:ore_granite_upper",
      "minecraft:ore_granite_lower",
      "minecraft:ore_diorite_upper",
      "minecraft:ore_diorite_lower",
      "minecraft:ore_andesite_upper",
      "minecraft:ore_andesite_lower",
      "minecraft:ore_tuff",
      "minecraft:ore_coal_upper",
      "minecraft:ore_coal_lower",
      "minecraft:ore_iron_upper",
      "minecraft:ore_iron_middle",
      "minecraft:ore_iron_small",
      "minecraft:ore_gold",
      "minecraft:ore_gold_lower",
      "minecraft:ore_redstone",
      "minecraft:ore_redstone_lower",
      "minecraft:ore_diamond",
      "minecraft:ore_diamond_medium",
      "minecraft:ore_diamond_large",
      "minecraft:ore_diamond_buried",
      "minecraft:ore_lapis",
      "minecraft:ore_lapis_buried",
      "minecraft:ore_copper",
      "minecraft:underwater_magma",
	  "still_life:pf_terrain/mud_disk_water",
	  "still_life:pf_terrain/disk_rooted_dirt_taiga"
    ],
    [],
    [],
    [
      "minecraft:glow_lichen",
	  "still_life:pf_foliage/groups/cold_taiga",
	  "still_life:pf_foliage/groups/larch_additional",
	  "still_life:pf_foliage/trees/fallen/fallen_spruce_log",
	  "still_life:pf_foliage/trees/fallen/fallen_dark_oak_log",
	  "still_life:pf_foliage/groups/boreal_shrubs",
	  "still_life:pf_terrain/forest/podzol_patches",
	  "still_life:pf_terrain/forest/coarse_dirt_patches",
	  "still_life:pf_terrain/forest/rooted_dirt_patches",
	  "still_life:pf_foliage/ground/leaf_litter_normal",
	  "still_life:pf_foliage/ground/wildflowers_normal",
	  "still_life:pf_foliage/ground/bushes_rare",
	  "still_life:pf_foliage/ground/fern_normal",
	  "still_life:pf_foliage/ground/grass_normal",
	  "still_life:pf_foliage/ground/seagrass",
      "minecraft:brown_mushroom_normal",
      "minecraft:red_mushroom_normal"
    ],
    [
      "minecraft:freeze_top_layer"
    ]
  ],
  "has_precipitation": true,
  "spawn_costs": {},
  "spawners": {
    "ambient": [
      {
        "type": "minecraft:bat",
        "maxCount": 8,
        "minCount": 8,
        "weight": 10
      }
    ],
    "axolotls": [],
    "creature": [
      {
        "type": "minecraft:sheep",
        "maxCount": 4,
        "minCount": 4,
        "weight": 0
      },
      {
        "type": "minecraft:pig",
        "maxCount": 4,
        "minCount": 4,
        "weight": 15
      },
      {
        "type": "minecraft:chicken",
        "maxCount": 4,
        "minCount": 4,
        "weight": 2
      },
      {
        "type": "minecraft:cow",
        "maxCount": 4,
        "minCount": 4,
        "weight": 0
      },
      {
        "type": "minecraft:fox",
        "maxCount": 2,
        "minCount": 1,
        "weight": 1
      },
      {
        "type": "minecraft:wolf",
        "maxCount": 4,
        "minCount": 2,
        "weight": 3
      }
    ],
    "misc": [],
    "monster": [
      {
        "type": "minecraft:spider",
        "maxCount": 4,
        "minCount": 4,
        "weight": 100
      },
      {
        "type": "minecraft:zombie",
        "maxCount": 4,
        "minCount": 4,
        "weight": 95
      },
      {
        "type": "minecraft:zombie_villager",
        "maxCount": 1,
        "minCount": 1,
        "weight": 5
      },
      {
        "type": "minecraft:skeleton",
        "maxCount": 4,
        "minCount": 4,
        "weight": 100
      },
      {
        "type": "minecraft:creeper",
        "maxCount": 4,
        "minCount": 4,
        "weight": 100
      },
      {
        "type": "minecraft:slime",
        "maxCount": 4,
        "minCount": 4,
        "weight": 100
      },
      {
        "type": "minecraft:enderman",
        "maxCount": 4,
        "minCount": 1,
        "weight": 10
      },
      {
        "type": "minecraft:witch",
        "maxCount": 1,
        "minCount": 1,
        "weight": 5
      }
    ],
    "underground_water_creature": [
      {
        "type": "minecraft:glow_squid",
        "maxCount": 6,
        "minCount": 4,
        "weight": 10
      }
    ],
    "water_ambient": [],
    "water_creature": []
  },
  "temperature": 0.5
}