{
  "carvers": [
    "minecraft:cave",
    "minecraft:cave_extra_underground",
    "minecraft:canyon"
  ],
  "downfall": 0.8,
  "effects": {
    "dry_foliage_color": 10528412,
    "fog_color": 12638463,
    "mood_sound": {
      "block_search_extent": 8,
      "offset": 2.0,
      "sound": "minecraft:ambient.cave",
      "tick_delay": 6000
    },
    "sky_color": 12171705,
    "water_color": 4285290,
    "water_fog_color": 923676,
    "grass_color": 9344912,
    "foliage_color": 8883574
  },
  "features": [
    [
      "still_life:stone_cliff"
	],
    [
	  "still_life:pf_other/ground/monolith",
	  "still_life:pf_other/ground/monolith_small",
      "minecraft:lake_lava_underground",
      "minecraft:lake_lava_surface"
    ],
    [
      "minecraft:amethyst_geode"
    ],
    [
      "minecraft:monster_room",
      "minecraft:monster_room_deep"
    ],
    [],
    [],
    [
      "minecraft:ore_coal_upper",
      "minecraft:ore_coal_lower",
      "minecraft:ore_iron_upper",
      "minecraft:ore_iron_middle",
      "minecraft:ore_iron_small",
      "minecraft:ore_gold",
      "minecraft:ore_gold_lower",
      "minecraft:ore_redstone",
      "minecraft:ore_redstone_lower",
      "minecraft:ore_diamond",
      "minecraft:ore_diamond_medium",
      "minecraft:ore_diamond_large",
      "minecraft:ore_diamond_buried",
      "minecraft:ore_lapis",
      "minecraft:ore_lapis_buried",
      "minecraft:ore_copper",
      "minecraft:underwater_magma",
	  "still_life:pf_terrain/mud_disk_water",
	  "still_life:pf_terrain/magma_blocks_edge",
	  "still_life:pf_terrain/pale_moss"
    ],
    [],
    [],
    [
	  "still_life:pf_foliage/trees/pale_oak",
	  "still_life:pf_other/ceiling/pale_hanging_moss",
	  "still_life:pf_other/ceiling/hanging_resin",
	  "still_life:pf_other/ground/orange_candles",
	  "still_life:pf_other/ground/creaking_hearts",
	  "still_life:pf_foliage/ground/eyeblossoms",
	  "still_life:pf_foliage/ground/leaf_litter_pale_hollow",
	  "still_life:pf_foliage/ground/pale_moss_carpet",
	  "still_life:pf_foliage/ground/seagrass",
      "minecraft:brown_mushroom_normal",
      "minecraft:red_mushroom_normal"
    ],
    [
      "minecraft:freeze_top_layer"
    ]
  ],
  "has_precipitation": true,
  "spawn_costs": {},
  "spawners": {
    "ambient": [
      {
        "type": "minecraft:bat",
        "maxCount": 8,
        "minCount": 8,
        "weight": 10
      },
      {
        "type": "minecraft:skeleton_horse",
        "maxCount": 2,
        "minCount": 1,
        "weight": 10
      }
    ],
    "axolotls": [],
    "creature": [
      {
        "type": "minecraft:sheep",
        "maxCount": 4,
        "minCount": 4,
        "weight": 12
      },
      {
        "type": "minecraft:pig",
        "maxCount": 4,
        "minCount": 4,
        "weight": 10
      },
      {
        "type": "minecraft:chicken",
        "maxCount": 4,
        "minCount": 4,
        "weight": 10
      },
      {
        "type": "minecraft:cow",
        "maxCount": 4,
        "minCount": 4,
        "weight": 8
      },
      {
        "type": "minecraft:horse",
        "maxCount": 6,
        "minCount": 2,
        "weight": 1
      },
      {
        "type": "minecraft:donkey",
        "maxCount": 1,
        "minCount": 1,
        "weight": 1
      },
      {
        "type": "minecraft:skeleton_horse",
        "maxCount": 2,
        "minCount": 1,
        "weight": 10
      }
    ],
    "misc": [],
    "monster": [
      {
        "type": "minecraft:spider",
        "maxCount": 4,
        "minCount": 4,
        "weight": 100
      },
      {
        "type": "minecraft:zombie",
        "maxCount": 4,
        "minCount": 4,
        "weight": 0
      },
      {
        "type": "minecraft:zombie_villager",
        "maxCount": 1,
        "minCount": 1,
        "weight": 0
      },
      {
        "type": "minecraft:skeleton",
        "maxCount": 4,
        "minCount": 4,
        "weight": 100
      },
      {
        "type": "minecraft:creeper",
        "maxCount": 4,
        "minCount": 4,
        "weight": 0
      },
      {
        "type": "minecraft:slime",
        "maxCount": 4,
        "minCount": 4,
        "weight": 100
      },
      {
        "type": "minecraft:enderman",
        "maxCount": 4,
        "minCount": 1,
        "weight": 10
      },
      {
        "type": "minecraft:witch",
        "maxCount": 1,
        "minCount": 1,
        "weight": 5
      }
    ],
    "underground_water_creature": [
      {
        "type": "minecraft:glow_squid",
        "maxCount": 6,
        "minCount": 4,
        "weight": 10
      }
    ],
    "water_ambient": [],
    "water_creature": []
  },
  "temperature": 0.7
}