
{
  "type": "flat_cache",
  "argument": {
    "type": "cache_2d",
    "argument": {
      "type": "minecraft:spline",
      "spline": {
        "coordinate": {
          "type": "add",
          "argument1": {
            "type": "minecraft:spline",
            "spline": {
              "coordinate": "lithosphere:volcanic_islands", 
              "points": [
                {
                  "location": 0.6,
                  "value": 0.0,
                  "derivative": 0
                },
                {
                  "location": 0.601,
                  "value": -3.0,
                  "derivative": 0
                }
              ]
            }
          },
          "argument2": "lithosphere:continents_coasts" 
        },
        "points": [
          {
            "location": -1,
            "value": -1,
            "derivative": 1
          },
          {
            "location": 0.0003441339931071763,
            "value": 0.0022502488137825516,
            "derivative": 1
          },
          {
            "location": 0.21277444781815147,
            "value": 0.12891172131650763,
            "derivative": 0.16871886601154398
          },
          {
            "location": 10,
            "value": 1,
            "derivative": 0
          }
        ]
      }
    }
  }
}