
{
  "type": "flat_cache",
  "argument": {
    "type": "cache_2d",
    "argument": {
      "type": "add",
      "argument1": {
        "type": "add",
        "argument1": {
          "type": "mul",
          "argument1": {
            "type": "minecraft:spline",
            "spline": {
              "coordinate": "lithosphere:topography_final", 
              "points": [
                {
                  "location": -0.431,
                  "value": 0.0,
                  "derivative": 0
                },
                {
                  "location": -0.43,
                  "value": 1.0,
                  "derivative": 0
                }
              ]
            }
          },
          "argument2": {
            "type": "minecraft:spline",
            "spline": {
              "coordinate": "lithosphere:orogeny", 
              "points": [
                {
                  "location": -0.11901279701341419,
                  "value": 0.19759042904391233,
                  "derivative": 0
                },
                {
                  "location": 1.2001034789454332,
                  "value": 0.054325771378036514,
                  "derivative": -0.35483870967741765
                },
                {
                  "location": 1.2982065650995485,
                  "value": -0.7466887302998901,
                  "derivative": 0
                }
              ]
            }
          }
        },
        "argument2": 0.06 
      },
      "argument2": {
        "type": "minecraft:spline",
        "spline": {
          "coordinate": "lithosphere:swamp_placement", 
          "points": [
            {
              "location": 0.85,
              "value": 0,
              "derivative": 0
            },
            {
              "location": 0.851,
              "value": 1,
              "derivative": 0
            }
          ]
        }
      }
    }
  }
}