
{
  "type": "flat_cache",
  "argument": {
    "type": "cache_2d",
    "argument": {
      "type": "mul",
      "argument1": {
        "type": "minecraft:spline",
        "spline": {
          "coordinate": {
            "type": "mul",
            "argument1": {
              "type": "mul",
              "argument1": {
                "type": "add",
                "argument1": {
                  "type": "add",
                  "argument1": {
                    "type": "cache_once",
                    "argument": {
						"type": "flat_cache",
						"argument": {
						  "type": "cache_2d",
						  "argument": "lithosphere:topography_final" 
						}
					}
                  },
                  "argument2": {
                    "type": "mul",
                    "argument1": {
                      "type": "minecraft:spline",
                      "spline": {
                        "coordinate": {
							"type": "cache_once",
							"argument": {
							  "type": "flat_cache",
							  "argument": {
								"type": "cache_2d",
								"argument": "lithosphere:topography_final" 
							  }
							}
                        },
                        "points": [
                          {
                            "location": -0.0004461800912316516,
                            "value": 0.002344867505802428,
                            "derivative": 0
                          },
                          {
                            "location": 0.5027658153807186,
                            "value": 0.05293044676593961,
                            "derivative": 0
                          },
                          {
                            "location": 1.9996475261735194,
                            "value": 0.14994803866387474,
                            "derivative": 0
                          }
                        ]
                      }
                    },
                    "argument2": {
                      "type": "noise",
                      "noise": "lithosphere:biome_variation",
                      "xz_scale": 11.000000000000004,
                      "y_scale": 0
                    }
                  }
                },
                "argument2": 0.6 
              },
              "argument2": 0.9 
            },
            "argument2": 0.75 
          },
          "points": [
            {
              "location": 0.025,
              "value": 0,
              "derivative": 0
            },
            {
              "location": 0.0375,
              "value": 0.05,
              "derivative": 0.43
            },
            {
              "location": 0.75,
              "value": 0.1,
              "derivative": 0
            },
            {
              "location": 0.2,
              "value": 0.15,
              "derivative": 0.35
            },
            {
              "location": 0.95,
              "value": 0.62,
              "derivative": 1.1673189823874786
            },
            {
              "location": 0.98,
              "value": 0.63,
              "derivative": 0
            }
          ]
        }
      },
      "argument2": {
        "type": "mul",
        "argument1": {
          "type": "minecraft:spline",
          "spline": {
            "coordinate": {
              "type": "abs",
              "argument": {
                "type": "noise",
                "noise": "lithosphere:rivers",
                "xz_scale": 0.7,
                "y_scale": 0
              }
            },
            "points": [
              {
                "location": -0.03,
                "value": -1,
                "derivative": 0
              },
              {
                "location": -0.02,
                "value": 0,
                "derivative": 0
              },
              {
                "location": 0,
                "value": 0,
                "derivative": 0
              },
              {
                "location": 0.02,
                "value": 0,
                "derivative": 0
              },
              {
                "location": 0.03,
                "value": 1,
                "derivative": 0
              }
            ]
          }
        },
        "argument2": {
          "type": "minecraft:spline",
          "spline": {
            "coordinate": {
              "type": "noise",
              "noise": "lithosphere:biome_variation",
              "xz_scale": 1,
              "y_scale": 0
            },
            "points": [
              {
                "location": -0.00001,
                "value": -1,
                "derivative": 0
              },
              {
                "location": 0.00001,
                "value": 1,
                "derivative": 0
              }
            ]
          }
        }
      }
    }
  }
}