{
  "type": "minecraft:random_patch",
  "config": {
    "feature": {
	  "feature": {
		  "type": "minecraft:block_column",
		  "config": {
			"allowed_placement": {
			  "type": "minecraft:matching_blocks",
			  "blocks": "minecraft:air"
			},
			"direction": "down",
			"layers": [
			  {
				"height": {
				  "type": "minecraft:weighted_list",
				  "distribution": [
					{
					  "data": {
						"type": "minecraft:uniform",
						"max_inclusive": 12,
						"min_inclusive": 2
					  },
					  "weight": 1
					},
					{
					  "data": {
						"type": "minecraft:uniform",
						"max_inclusive": 9,
						"min_inclusive": 2
					  },
					  "weight": 5
					},
					{
					  "data": {
						"type": "minecraft:uniform",
						"max_inclusive": 4,
						"min_inclusive": 2
					  },
					  "weight": 10
					},
					{
					  "data": {
						"type": "minecraft:uniform",
						"max_inclusive": 7,
						"min_inclusive": 2
					  },
					  "weight": 10
					}
				  ]
				},
				"provider": {
				  "type": "minecraft:simple_state_provider",
				  "state": {
					"Name": "minecraft:vine",
					"Properties": {
					  "east": "false",
					  "west": "true",
					  "north": "false",
					  "south": "false"
					}
				  }
				}
			  },
			  {
				"height": 1,
				"provider": {
				  "type": "minecraft:simple_state_provider",
				  "state": {
					"Name": "minecraft:light",
					"Properties": {
					  "level": "0"
					}
				  }
				}
			  }
			],
			"prioritize_tip": true
		  }
	    },
		"placement": [
			{
			  "type": "minecraft:environment_scan",
			  "allowed_search_condition": {
				"type": "minecraft:matching_blocks",
				"blocks": "minecraft:air"
			  },
			  "direction_of_search": "up",
			  "max_steps": 12,
			  "target_condition": {
                "type": "minecraft:all_of",
                "predicates": [
                  {
					"type": "minecraft:matching_blocks",
					"offset": [
					  -1,
					  0,
					  0
					],
					"blocks": "minecraft:jungle_leaves"
				  },
                  {
					"type": "minecraft:matching_blocks",
					"offset": [
					  0,
					  0,
					  0
					],
					"blocks": "minecraft:air"
				  }
				]
			  }
			},
			{
			  "type": "minecraft:random_offset",
			  "xz_spread": 0,
			  "y_spread": 0
			}
		]
    },
    "tries": 50,
    "xz_spread": 6,
    "y_spread": 20
  }
}