{
  "carvers": [
    "minecraft:cave",
    "minecraft:cave_extra_underground",
    "minecraft:canyon"
  ],
  "downfall": 0.4,
  "effects": {
    "fog_color": 12638463,
    "mood_sound": {
      "block_search_extent": 8,
      "offset": 2.0,
      "sound": "minecraft:ambient.cave",
      "tick_delay": 6000
    },
    "music": [
      {
        "data": {
          "max_delay": 24000,
          "min_delay": 12000,
          "replace_current_music": false,
          "sound": "minecraft:music.overworld.deep_dark"
        },
        "weight": 1
      }
    ],
    "music_volume": 1.0,
    "sky_color": 7907327,
    "water_color": 4285290,
    "water_fog_color": 923676
  },
  "features": [
    [],
    [],
    [
      "minecraft:amethyst_geode"
    ],
    [
      "minecraft:monster_room",
      "minecraft:monster_room_deep"
    ],
    [],
    [],
    [
      "minecraft:ore_gravel",
      "minecraft:ore_coal_upper",
      "minecraft:ore_coal_lower",
      "minecraft:ore_iron_upper",
      "minecraft:ore_iron_middle",
      "minecraft:ore_iron_small",
      "minecraft:ore_gold",
      "minecraft:ore_gold_lower",
      "minecraft:ore_redstone",
      "minecraft:ore_redstone_lower",
      "minecraft:ore_diamond",
      "minecraft:ore_diamond_medium",
      "minecraft:ore_diamond_large",
      "minecraft:ore_diamond_buried",
      "minecraft:ore_lapis",
      "minecraft:ore_lapis_buried",
      "minecraft:ore_copper",
      "minecraft:underwater_magma",
      "minecraft:disk_sand",
      "minecraft:disk_clay",
      "minecraft:disk_gravel",
	  "still_life:pf_terrain/magma_blocks_edge"
    ],
    [
      "minecraft:sculk_vein",
      "minecraft:sculk_patch_deep_dark"
    ],
    [],
    [
	  "still_life:pf_other/ground/creeping_sculk",
	  "still_life:pf_other/ceiling/hanging_sculk",
      "minecraft:brown_mushroom_normal",
      "minecraft:red_mushroom_normal"
    ],
    [
      "minecraft:freeze_top_layer"
    ]
  ],
  "has_precipitation": true,
  "spawn_costs": {},
  "spawners": {
    "ambient": [],
    "axolotls": [],
    "creature": [],
    "misc": [],
    "monster": [],
    "underground_water_creature": [],
    "water_ambient": [],
    "water_creature": []
  },
  "temperature": 0.8
}