{
  "type": "minecraft:random_patch",
  "config": {
    "feature": {
			"feature": {
			  "type": "minecraft:disk",
			  "config": {
				"half_height": 2,
				"radius": {
				  "type": "minecraft:uniform",
				  "max_inclusive": 4,
				  "min_inclusive": 4
				},
				"state_provider": {
				  "fallback": {
					  "type": "minecraft:weighted_state_provider",
					  "entries": [
						{
						  "data": {
							"Name": "minecraft:dead_horn_coral_block"
						  },
						  "weight": 0
						},
						{
						  "data": {
							"Name": "minecraft:water"
						  },
						  "weight": 5
						}
					  ]
				  },
				  "rules": [
					{
					  "if_true": {
						"type": "minecraft:matching_blocks",
						"blocks": "minecraft:dead_tube_coral_block",
						"offset": [
						  1,
						  0,
						  0
						]
					  },
					  "then": {
						  "type": "minecraft:weighted_state_provider",
						  "entries": [
							{
							  "data": {
								"Name": "minecraft:dead_tube_coral_wall_fan",
								"Properties": {
								  "facing": "west"
								}
							  },
							  "weight": 70
							},
							{
							  "data": {
								"Name": "minecraft:water"
							  },
							  "weight": 100
							}
						  ]
					  }
					},
					{
					  "if_true": {
						"type": "minecraft:matching_blocks",
						"blocks": "minecraft:dead_tube_coral_block",
						"offset": [
						  -1,
						  0,
						  0
						]
					  },
					  "then": {
						  "type": "minecraft:weighted_state_provider",
						  "entries": [
							{
							  "data": {
								"Name": "minecraft:dead_tube_coral_wall_fan",
								"Properties": {
								  "facing": "east"
								}
							  },
							  "weight": 70
							},
							{
							  "data": {
								"Name": "minecraft:water"
							  },
							  "weight": 100
							}
						  ]
					  }
					},
					{
					  "if_true": {
						"type": "minecraft:matching_blocks",
						"blocks": "minecraft:dead_tube_coral_block",
						"offset": [
						  0,
						  0,
						  1
						]
					  },
					  "then": {
						  "type": "minecraft:weighted_state_provider",
						  "entries": [
							{
							  "data": {
								"Name": "minecraft:dead_tube_coral_wall_fan",
								"Properties": {
								  "facing": "north"
								}
							  },
							  "weight": 70
							},
							{
							  "data": {
								"Name": "minecraft:water"
							  },
							  "weight": 100
							}
						  ]
					  }
					},
					{
					  "if_true": {
						"type": "minecraft:matching_blocks",
						"blocks": "minecraft:dead_tube_coral_block",
						"offset": [
						  0,
						  0,
						  -1
						]
					  },
					  "then": {
						  "type": "minecraft:weighted_state_provider",
						  "entries": [
							{
							  "data": {
								"Name": "minecraft:dead_tube_coral_wall_fan",
								"Properties": {
								  "facing": "south"
								}
							  },
							  "weight": 70
							},
							{
							  "data": {
								"Name": "minecraft:water"
							  },
							  "weight": 100
							}
						  ]
					  }
					},
					{
					  "if_true": {
						"type": "minecraft:matching_blocks",
						"blocks": "minecraft:dead_brain_coral_block",
						"offset": [
						  1,
						  0,
						  0
						]
					  },
					  "then": {
						  "type": "minecraft:weighted_state_provider",
						  "entries": [
							{
							  "data": {
								"Name": "minecraft:dead_brain_coral_wall_fan",
								"Properties": {
								  "facing": "west"
								}
							  },
							  "weight": 70
							},
							{
							  "data": {
								"Name": "minecraft:water"
							  },
							  "weight": 100
							}
						  ]
					  }
					},
					{
					  "if_true": {
						"type": "minecraft:matching_blocks",
						"blocks": "minecraft:dead_brain_coral_block",
						"offset": [
						  -1,
						  0,
						  0
						]
					  },
					  "then": {
						  "type": "minecraft:weighted_state_provider",
						  "entries": [
							{
							  "data": {
								"Name": "minecraft:dead_brain_coral_wall_fan",
								"Properties": {
								  "facing": "east"
								}
							  },
							  "weight": 70
							},
							{
							  "data": {
								"Name": "minecraft:water"
							  },
							  "weight": 100
							}
						  ]
					  }
					},
					{
					  "if_true": {
						"type": "minecraft:matching_blocks",
						"blocks": "minecraft:dead_brain_coral_block",
						"offset": [
						  0,
						  0,
						  1
						]
					  },
					  "then": {
						  "type": "minecraft:weighted_state_provider",
						  "entries": [
							{
							  "data": {
								"Name": "minecraft:dead_brain_coral_wall_fan",
								"Properties": {
								  "facing": "north"
								}
							  },
							  "weight": 70
							},
							{
							  "data": {
								"Name": "minecraft:water"
							  },
							  "weight": 100
							}
						  ]
					  }
					},
					{
					  "if_true": {
						"type": "minecraft:matching_blocks",
						"blocks": "minecraft:dead_brain_coral_block",
						"offset": [
						  0,
						  0,
						  -1
						]
					  },
					  "then": {
						  "type": "minecraft:weighted_state_provider",
						  "entries": [
							{
							  "data": {
								"Name": "minecraft:dead_brain_coral_wall_fan",
								"Properties": {
								  "facing": "south"
								}
							  },
							  "weight": 70
							},
							{
							  "data": {
								"Name": "minecraft:water"
							  },
							  "weight": 100
							}
						  ]
					  }
					},
					{
					  "if_true": {
						"type": "minecraft:matching_blocks",
						"blocks": "minecraft:dead_bubble_coral_block",
						"offset": [
						  1,
						  0,
						  0
						]
					  },
					  "then": {
						  "type": "minecraft:weighted_state_provider",
						  "entries": [
							{
							  "data": {
								"Name": "minecraft:dead_bubble_coral_wall_fan",
								"Properties": {
								  "facing": "west"
								}
							  },
							  "weight": 70
							},
							{
							  "data": {
								"Name": "minecraft:water"
							  },
							  "weight": 100
							}
						  ]
					  }
					},
					{
					  "if_true": {
						"type": "minecraft:matching_blocks",
						"blocks": "minecraft:dead_bubble_coral_block",
						"offset": [
						  -1,
						  0,
						  0
						]
					  },
					  "then": {
						  "type": "minecraft:weighted_state_provider",
						  "entries": [
							{
							  "data": {
								"Name": "minecraft:dead_bubble_coral_wall_fan",
								"Properties": {
								  "facing": "east"
								}
							  },
							  "weight": 70
							},
							{
							  "data": {
								"Name": "minecraft:water"
							  },
							  "weight": 100
							}
						  ]
					  }
					},
					{
					  "if_true": {
						"type": "minecraft:matching_blocks",
						"blocks": "minecraft:dead_bubble_coral_block",
						"offset": [
						  0,
						  0,
						  1
						]
					  },
					  "then": {
						  "type": "minecraft:weighted_state_provider",
						  "entries": [
							{
							  "data": {
								"Name": "minecraft:dead_bubble_coral_wall_fan",
								"Properties": {
								  "facing": "north"
								}
							  },
							  "weight": 70
							},
							{
							  "data": {
								"Name": "minecraft:water"
							  },
							  "weight": 100
							}
						  ]
					  }
					},
					{
					  "if_true": {
						"type": "minecraft:matching_blocks",
						"blocks": "minecraft:dead_bubble_coral_block",
						"offset": [
						  0,
						  0,
						  -1
						]
					  },
					  "then": {
						  "type": "minecraft:weighted_state_provider",
						  "entries": [
							{
							  "data": {
								"Name": "minecraft:dead_bubble_coral_wall_fan",
								"Properties": {
								  "facing": "south"
								}
							  },
							  "weight": 70
							},
							{
							  "data": {
								"Name": "minecraft:water"
							  },
							  "weight": 100
							}
						  ]
					  }
					},
					{
					  "if_true": {
						"type": "minecraft:matching_blocks",
						"blocks": "minecraft:dead_fire_coral_block",
						"offset": [
						  1,
						  0,
						  0
						]
					  },
					  "then": {
						  "type": "minecraft:weighted_state_provider",
						  "entries": [
							{
							  "data": {
								"Name": "minecraft:dead_fire_coral_wall_fan",
								"Properties": {
								  "facing": "west"
								}
							  },
							  "weight": 70
							},
							{
							  "data": {
								"Name": "minecraft:water"
							  },
							  "weight": 100
							}
						  ]
					  }
					},
					{
					  "if_true": {
						"type": "minecraft:matching_blocks",
						"blocks": "minecraft:dead_fire_coral_block",
						"offset": [
						  -1,
						  0,
						  0
						]
					  },
					  "then": {
						  "type": "minecraft:weighted_state_provider",
						  "entries": [
							{
							  "data": {
								"Name": "minecraft:dead_fire_coral_wall_fan",
								"Properties": {
								  "facing": "east"
								}
							  },
							  "weight": 70
							},
							{
							  "data": {
								"Name": "minecraft:water"
							  },
							  "weight": 100
							}
						  ]
					  }
					},
					{
					  "if_true": {
						"type": "minecraft:matching_blocks",
						"blocks": "minecraft:dead_fire_coral_block",
						"offset": [
						  0,
						  0,
						  1
						]
					  },
					  "then": {
						  "type": "minecraft:weighted_state_provider",
						  "entries": [
							{
							  "data": {
								"Name": "minecraft:dead_fire_coral_wall_fan",
								"Properties": {
								  "facing": "north"
								}
							  },
							  "weight": 70
							},
							{
							  "data": {
								"Name": "minecraft:water"
							  },
							  "weight": 100
							}
						  ]
					  }
					},
					{
					  "if_true": {
						"type": "minecraft:matching_blocks",
						"blocks": "minecraft:dead_fire_coral_block",
						"offset": [
						  0,
						  0,
						  -1
						]
					  },
					  "then": {
						  "type": "minecraft:weighted_state_provider",
						  "entries": [
							{
							  "data": {
								"Name": "minecraft:dead_fire_coral_wall_fan",
								"Properties": {
								  "facing": "south"
								}
							  },
							  "weight": 70
							},
							{
							  "data": {
								"Name": "minecraft:water"
							  },
							  "weight": 100
							}
						  ]
					  }
					},
					{
					  "if_true": {
						"type": "minecraft:matching_blocks",
						"blocks": "minecraft:dead_horn_coral_block",
						"offset": [
						  1,
						  0,
						  0
						]
					  },
					  "then": {
						  "type": "minecraft:weighted_state_provider",
						  "entries": [
							{
							  "data": {
								"Name": "minecraft:dead_horn_coral_wall_fan",
								"Properties": {
								  "facing": "west"
								}
							  },
							  "weight": 70
							},
							{
							  "data": {
								"Name": "minecraft:water"
							  },
							  "weight": 100
							}
						  ]
					  }
					},
					{
					  "if_true": {
						"type": "minecraft:matching_blocks",
						"blocks": "minecraft:dead_horn_coral_block",
						"offset": [
						  -1,
						  0,
						  0
						]
					  },
					  "then": {
						  "type": "minecraft:weighted_state_provider",
						  "entries": [
							{
							  "data": {
								"Name": "minecraft:dead_horn_coral_wall_fan",
								"Properties": {
								  "facing": "east"
								}
							  },
							  "weight": 70
							},
							{
							  "data": {
								"Name": "minecraft:water"
							  },
							  "weight": 100
							}
						  ]
					  }
					},
					{
					  "if_true": {
						"type": "minecraft:matching_blocks",
						"blocks": "minecraft:dead_horn_coral_block",
						"offset": [
						  0,
						  0,
						  1
						]
					  },
					  "then": {
						  "type": "minecraft:weighted_state_provider",
						  "entries": [
							{
							  "data": {
								"Name": "minecraft:dead_horn_coral_wall_fan",
								"Properties": {
								  "facing": "north"
								}
							  },
							  "weight": 70
							},
							{
							  "data": {
								"Name": "minecraft:water"
							  },
							  "weight": 100
							}
						  ]
					  }
					},
					{
					  "if_true": {
						"type": "minecraft:matching_blocks",
						"blocks": "minecraft:dead_horn_coral_block",
						"offset": [
						  0,
						  0,
						  -1
						]
					  },
					  "then": {
						  "type": "minecraft:weighted_state_provider",
						  "entries": [
							{
							  "data": {
								"Name": "minecraft:dead_horn_coral_wall_fan",
								"Properties": {
								  "facing": "south"
								}
							  },
							  "weight": 70
							},
							{
							  "data": {
								"Name": "minecraft:water"
							  },
							  "weight": 100
							}
						  ]
					  }
					}
				  ]
				},
				"target": {
				  "type": "minecraft:matching_blocks",
				  "blocks": [
					"minecraft:water"
				  ]
				}
			  }
			},
			"placement": [
				{
				  "type": "minecraft:count",
				  "count": 1
				},
				{
				  "type": "minecraft:random_offset",
				  "xz_spread": 0,
				  "y_spread": 2
				}
			]
    },
    "tries": 5,
    "xz_spread": 8,
    "y_spread": 10
  }
}