{
  "type": "minecraft:random_patch",
  "config": {
    "feature": {
      "feature": {
        "type": "minecraft:simple_block",
        "config": {
          "to_place": {
            "type": "minecraft:weighted_state_provider",
            "entries": [
              {
                "data": {
                  "Name": "minecraft:fire_coral"
                },
                "weight": 4
              },
              {
                "data": {
                  "Name": "minecraft:fire_coral_fan"
                },
                "weight": 1
              }
            ]
          }
        }
      },
      "placement": [
        {
          "type": "minecraft:block_predicate_filter",
          "predicate": {
            "type": "minecraft:all_of",
            "predicates": [
              {
                "type": "minecraft:matching_blocks",
                "blocks": "minecraft:water"
              },
              {
                "type": "minecraft:matching_blocks",
                "blocks": [
                  "minecraft:fire_coral_block",
                  "minecraft:dead_fire_coral_block"
                ],
                "offset": [
                  0,
                  -1,
                  0
                ]
              }
            ]
          }
        }
      ]
    },
    "tries": 32,
    "xz_spread": 7,
    "y_spread": 10
  }
}