{
  "type": "minecraft:random_patch",
  "config": {
    "feature": {
	  "feature": {
		  "type": "minecraft:block_column",
		  "config": {
			"allowed_placement": {
			  "type": "minecraft:matching_blocks",
			  "blocks": "minecraft:air"
			},
			"direction": "down",
			"layers": [
			  {
				"height": {
				  "type": "minecraft:weighted_list",
				  "distribution": [
					{
					  "data": {
						"type": "minecraft:uniform",
						"max_inclusive": 1,
						"min_inclusive": 0
					  },
					  "weight": 50
					},
					{
					  "data": {
						"type": "minecraft:uniform",
						"max_inclusive": 2,
						"min_inclusive": 0
					  },
					  "weight": 10
					}
				  ]
				},
				"provider": {
				  "type": "minecraft:weighted_state_provider",
				  "entries": [
					{
					  "data": {
						"Name": "minecraft:bee_nest",
						"Properties": {
						  "facing": "north"
						}
					  },
					  "weight": 1
					},
					{
					  "data": {
						"Name": "minecraft:bee_nest",
						"Properties": {
						  "facing": "west"
						}
					  },
					  "weight": 1
					},
					{
					  "data": {
						"Name": "minecraft:bee_nest",
						"Properties": {
						  "facing": "south"
						}
					  },
					  "weight": 1
					},
					{
					  "data": {
						"Name": "minecraft:bee_nest",
						"Properties": {
						  "facing": "east"
						}
					  },
					  "weight": 1
					}
				  ]
				}
			  },
			  {
				"height": {
				  "type": "minecraft:weighted_list",
				  "distribution": [
					{
					  "data": {
						"type": "minecraft:uniform",
						"max_inclusive": 1,
						"min_inclusive": 0
					  },
					  "weight": 20
					},
					{
					  "data": {
						"type": "minecraft:uniform",
						"max_inclusive": 3,
						"min_inclusive": 0
					  },
					  "weight": 10
					}
				  ]
				},
				"provider": {
					"type": "minecraft:weighted_state_provider",
					"entries": [
					  {
						"data": {
							"Name": "minecraft:honeycomb_block"
						},
						"weight": 10
					  },
					  {
						"data": {
						  "Name": "minecraft:honeycomb_block"
						},
						"weight": 10
					  }
					]
				}
			  }
			],
			"prioritize_tip": false
		  }
	    },
		"placement": [
			{
			  "type": "minecraft:environment_scan",
			  "allowed_search_condition": {
				"type": "minecraft:matching_blocks",
				"blocks": [
				  "minecraft:air"
				]
			  },
			  "direction_of_search": "up",
			  "max_steps": 12,
			  "target_condition": {
					"type": "minecraft:matching_blocks",
					"blocks": [
					  "minecraft:stripped_mangrove_log",
					  "minecraft:stripped_mangrove_wood",
					  "minecraft:stripped_mangrove_log",
					  "minecraft:stripped_mangrove_wood",
					  "minecraft:stripped_spruce_log",
					  "minecraft:stripped_spruce_wood",
					  "minecraft:stripped_dark_oak_log",
					  "minecraft:stripped_dark_oak_wood",
					  "minecraft:stripped_cherry_log",
					  "minecraft:stripped_cherry_wood",
					  "minecraft:stripped_jungle_log",
					  "minecraft:stripped_jungle_wood",
					  "minecraft:stripped_acacia_log",
					  "minecraft:stripped_acacia_wood",
					  "minecraft:stripped_birch_log",
					  "minecraft:stripped_birch_wood",
					  "minecraft:stripped_pale_oak_log",
					  "minecraft:stripped_pale_oak_wood",
					  "minecraft:stripped_oak_log",
					  "minecraft:stripped_oak_wood",
					  "minecraft:mangrove_log",
					  "minecraft:mangrove_wood",
					  "minecraft:spruce_log",
					  "minecraft:spruce_wood",
					  "minecraft:dark_oak_log",
					  "minecraft:dark_oak_wood",
					  "minecraft:cherry_log",
					  "minecraft:cherry_wood",
					  "minecraft:jungle_log",
					  "minecraft:jungle_wood",
					  "minecraft:acacia_log",
					  "minecraft:acacia_wood",
					  "minecraft:birch_log",
					  "minecraft:birch_wood",
					  "minecraft:pale_oak_log",
					  "minecraft:pale_oak_wood",
					  "minecraft:oak_log",
					  "minecraft:oak_wood"
					],
					"offset": [
					  0,
					  0,
					  0
					]
			  }
			},
			{
			  "type": "minecraft:random_offset",
			  "xz_spread": 0,
			  "y_spread": -1
			}
		]
    },
    "tries": 50,
    "xz_spread": 1,
    "y_spread": 5
  }
}