{
  "type": "minecraft:random_patch",
  "config": {
    "feature": {
	  "feature": {
		  "type": "minecraft:block_column",
		  "config": {
			"allowed_placement": {
			  "type": "minecraft:matching_blocks",
			  "blocks": "minecraft:air"
			},
			"direction": "down",
			"layers": [
			  {
				"height": {
				  "type": "minecraft:weighted_list",
				  "distribution": [
					{
					  "data": {
						"type": "minecraft:uniform",
						"max_inclusive": 9,
						"min_inclusive": 0
					  },
					  "weight": 2
					},
					{
					  "data": {
						"type": "minecraft:uniform",
						"max_inclusive": 2,
						"min_inclusive": 0
					  },
					  "weight": 3
					},
					{
					  "data": {
						"type": "minecraft:uniform",
						"max_inclusive": 4,
						"min_inclusive": 0
					  },
					  "weight": 10
					}
				  ]
				},
				"provider": {
				  "type": "minecraft:weighted_state_provider",
				  "entries": [
					{
					  "data": {
						"Name": "minecraft:cobweb"
					  },
					  "weight": 4
					},
					{
					  "data": {
						"Name": "minecraft:cave_vines_plant",
						"Properties": {
						  "berries": "true"
						}
					  },
					  "weight": 0
					}
				  ]
				}
			  },
			  {
				"height": 1,
				"provider": {
				  "type": "minecraft:randomized_int_state_provider",
				  "property": "age",
				  "source": {
					"type": "minecraft:weighted_state_provider",
					"entries": [
					  {
						"data": {
							"Name": "minecraft:cobweb"
						},
						"weight": 70
					  },
					  {
						"data": {
						  "Name": "minecraft:white_wool",
						  "Properties": {
							"hanging": "true"
						  }
						},
						"weight": 2
					  }
					]
				  },
				  "values": {
					"type": "minecraft:uniform",
					"max_inclusive": 25,
					"min_inclusive": 23
				  }
				}
			  }
			],
			"prioritize_tip": true
		  }
	    },
		"placement": [
			{
			  "type": "minecraft:environment_scan",
			  "allowed_search_condition": {
				"type": "minecraft:matching_blocks",
				"blocks": "minecraft:air"
			  },
			  "direction_of_search": "up",
			  "max_steps": 12,
			  "target_condition": {
				"type": "minecraft:has_sturdy_face",
				"direction": "down"
			  }
			},
			{
			  "type": "minecraft:random_offset",
			  "xz_spread": 0,
			  "y_spread": -1
			}
		]
    },
    "tries": 40,
    "xz_spread": 4,
    "y_spread": 5
  }
}