{
  "type": "minecraft:random_patch",
  "config": {
    "feature": {
	  "feature": {
		  "type": "minecraft:block_column",
		  "config": {
			"allowed_placement": {
			  "type": "minecraft:matching_blocks",
			  "blocks": "minecraft:air"
			},
			"direction": "down",
			"layers": [
			  {
				"height": {
				  "type": "minecraft:weighted_list",
				  "distribution": [
					{
					  "data": {
						"type": "minecraft:uniform",
						"max_inclusive": 2,
						"min_inclusive": 0
					  },
					  "weight": 30
					},
					{
					  "data": {
						"type": "minecraft:uniform",
						"max_inclusive": 4,
						"min_inclusive": 0
					  },
					  "weight": 20
					},
					{
					  "data": {
						"type": "minecraft:uniform",
						"max_inclusive": 7,
						"min_inclusive": 0
					  },
					  "weight": 5
					}
				  ]
				},
				"provider": {
				  "type": "minecraft:weighted_state_provider",
				  "entries": [
					{
					  "data": {
						"Name": "minecraft:ice"
					  },
					  "weight": 3
					},
					{
					  "data": {
						"Name": "minecraft:packed_ice"
					  },
					  "weight": 1
					}
				  ]
				}
			  },
			  {
				"height": 4,
				"provider": {
				  "type": "minecraft:weighted_state_provider",
				  "entries": [
					{
					  "data": {
						"Name": "minecraft:ice"
					  },
					  "weight": 9
					},
					{
					  "data": {
						"Name": "minecraft:packed_ice"
					  },
					  "weight": 0
					}
				  ]
				}
			  }
			],
			"prioritize_tip": true
		  }
	    },
		"placement": [
			{
			  "type": "minecraft:environment_scan",
			  "allowed_search_condition": {
				"type": "minecraft:matching_blocks",
				"blocks": "minecraft:air"
			  },
			  "direction_of_search": "up",
			  "max_steps": 12,
			  "target_condition": {
					"type": "minecraft:matching_blocks",
					"blocks": [
					  "minecraft:calcite",
					  "minecraft:packed_ice",
					  "minecraft:blue_ice"
					],
					"offset": [
					  0,
					  0,
					  0
					]
			  }
			},
			{
			  "type": "minecraft:random_offset",
			  "xz_spread": 0,
			  "y_spread": -1
			}
		]
    },
    "tries": 50,
    "xz_spread": 3,
    "y_spread": 5
  }
}