{
  "type": "minecraft:tree",
  "config": {
    "decorators": [
				  {
					"type": "minecraft:alter_ground",
					"provider": {
					  "type": "minecraft:weighted_state_provider",
					  "entries": [
						{
						  "data": {
							"Name": "minecraft:rooted_dirt"
						  },
						  "weight": 2
						},
						{
						  "data": {
							"Name": "minecraft:coarse_dirt"
						  },
						  "weight": 2
						},
						{
						  "data": {
							"Name": "minecraft:grass_block"
						  },
						  "weight": 4
						}
					  ]
					}
				  }
				],
    "dirt_provider": {
      "type": "minecraft:simple_state_provider",
      "state": {
        "Name": "minecraft:dirt"
      }
    },
    "foliage_placer": {
      "type": "minecraft:acacia_foliage_placer",
      "offset": 0,
      "radius": 3
    },
    "foliage_provider": {
      "type": "minecraft:simple_state_provider",
      "state": {
        "Name": "minecraft:acacia_leaves",
        "Properties": {
          "distance": "7",
          "persistent": "false",
          "waterlogged": "false"
        }
      }
    },
    "force_dirt": false,
    "ignore_vines": true,
    "minimum_size": {
      "type": "minecraft:two_layers_feature_size",
      "limit": 1,
      "lower_size": 0,
      "upper_size": 2
    },
    "trunk_placer": {
				  "type": "minecraft:cherry_trunk_placer",
				  "base_height": 3,
				  "branch_count": {
					"type": "minecraft:weighted_list",
					"distribution": [
					  {
						"data": 1,
						"weight": 3
					  },
					  {
						"data": 2,
						"weight": 4
					  },
					  {
						"data": 3,
						"weight": 2
					  }
					]
				  },
				  "branch_end_offset_from_top": {
					"type": "minecraft:uniform",
					  "max_inclusive": 2,
					  "min_inclusive": 1
				  },
				  "branch_horizontal_length": {
					"type": "minecraft:uniform",
					  "max_inclusive": 3,
					  "min_inclusive": 2
				  },
				  "branch_start_offset_from_top": {
					"max_inclusive": -1,
					"min_inclusive": -3
				  },
				  "height_rand_a": 3,
				  "height_rand_b": 1
				},
    "trunk_provider": {
      "type": "minecraft:simple_state_provider",
      "state": {
        "Name": "minecraft:acacia_log",
        "Properties": {
          "axis": "y"
        }
      }
    }
  }
}