{
	"type": "minecraft:vegetation_patch",
	"config": {
		"surface": "floor",
		"depth": 1,
		"vertical_range": 4,
		"extra_bottom_block_chance": 0,
		"extra_edge_column_chance": 1,
		"vegetation_chance": 1,
		"xz_radius": 0,
		"replaceable": "#minecraft:dirt",
		"ground_state": {
			"type": "minecraft:simple_state_provider",
			"state": {
				"Name": "minecraft:rooted_dirt"
			}
		},
		"vegetation_feature": {
			"feature": {
				"type": "minecraft:tree",
				"config": {
				"decorators": [],
				"dirt_provider": {
				"type": "minecraft:simple_state_provider",
				  "state": {
					"Name": "minecraft:dirt"
				  }
				},
				"foliage_placer": {
				  "type": "minecraft:jungle_foliage_placer",
				  "height": 1,
				  "offset": 0,
				  "radius": 1
				},
				"foliage_provider": {
				  "type": "minecraft:weighted_state_provider",
				  "entries": [
					{
					  "data": {
						"Name": "minecraft:birch_leaves",
						"Properties": {
						  "distance": "7",
						  "persistent": "false",
						  "waterlogged": "false"
						}
					  },
					  "weight": 7
					},
					{
					  "data": {"Name": "minecraft:air"},
					  "weight": 2
					}
				  ]
				},
				"force_dirt": false,
				"ignore_vines": false,
				"minimum_size": {
				  "type": "minecraft:two_layers_feature_size",
				  "limit": 1,
				  "lower_size": 0,
				  "upper_size": 0
				},
				"trunk_placer": {
				  "type": "minecraft:cherry_trunk_placer",
				  "base_height": 12,
				  "branch_count": {
					"type": "minecraft:weighted_list",
					"distribution": [
					  {
						"data": 1,
						"weight": 100
					  },
					  {
						"data": 2,
						"weight": 1
					  }
					]
				  },
				  "branch_end_offset_from_top": {
					"type": "minecraft:uniform",
					  "max_inclusive": 2,
					  "min_inclusive": 1
				  },
				  "branch_horizontal_length": {
					"type": "minecraft:uniform",
					  "max_inclusive": 5,
					  "min_inclusive": 2
				  },
				  "branch_start_offset_from_top": {
					"max_inclusive": 0,
					"min_inclusive": -2
				  },
				  "height_rand_a": 4,
				  "height_rand_b": 2
				},
				"trunk_provider": {
				  "type": "minecraft:simple_state_provider",
				  "state": {
					"Name": "minecraft:stripped_jungle_log",
					"Properties": {
					  "axis": "y"
					}
				  }
				}
			  }
			},
			"placement": [
				{
				  "type": "minecraft:count",
				  "count": 1
				}
			]
		}
	}
}