{
  "type": "minecraft:simple_random_selector",
  "config": {
	"features": [
	  {
	  "feature": {
	    "type": "minecraft:random_patch",
	    "config": {
	  	  "feature": {
			"feature": {
			  "type": "minecraft:tree",
			  "config": {
				"decorators": [
				  {
					"type": "minecraft:beehive",
					"probability": 0.001
				  }
				],
				"dirt_provider": {
				  "type": "minecraft:simple_state_provider",
				  "state": {
					"Name": "minecraft:rooted_dirt"
				  }
				},
				"foliage_placer": {
				  "type": "minecraft:fancy_foliage_placer",
				  "height": 3,
				  "offset": 2,
				  "radius": 2
				},
				"foliage_provider": {
				  "type": "minecraft:weighted_state_provider",
				  "entries": [
					{
					  "data": {
						"Name": "minecraft:dark_oak_leaves",
						"Properties": {
						  "distance": "7",
						  "persistent": "false",
						  "waterlogged": "false"
						}
					  },
					  "weight": 3
					},
					{
					  "data": {
						"Name": "minecraft:air"
					  },
					  "weight": 1
					}
				  ]
				},
				"force_dirt": false,
				"ignore_vines": true,
				"minimum_size": {
				  "type": "minecraft:two_layers_feature_size",
				  "limit": 1,
				  "lower_size": 0,
				  "min_clipped_height": 0,
				  "upper_size": 1
				},
				"trunk_placer": {
				  "type": "minecraft:bending_trunk_placer",
				  "base_height": 5,
				  "bend_length": {
					"type": "minecraft:uniform",
					"max_inclusive": 1,
					"min_inclusive": 1
				  },
				  "height_rand_a": 5,
				  "height_rand_b": 5,
				  "min_height_for_leaves": 40
				},
				"trunk_provider": {
				  "type": "minecraft:simple_state_provider",
				  "state": {
					"Name": "minecraft:stripped_dark_oak_log",
					"Properties": {
					  "axis": "y"
					}
				  }
				}
			  }
			},
			  "placement": [
				{
				  "type": "minecraft:count",
				  "count": 4
				}
			  ]
			},
			"tries": 1,
			"xz_spread": 0,
			"y_spread": 0
		  }
		},
		"placement": []
	  },
	  {
		"feature": {
	    "type": "minecraft:random_patch",
	    "config": {
	  	  "feature": {
			"feature": {
			  "type": "minecraft:tree",
			  "config": {
				"decorators": [
				  {
					"type": "minecraft:beehive",
					"probability": 0.001
				  }
				],
				"dirt_provider": {
				  "type": "minecraft:simple_state_provider",
				  "state": {
					"Name": "minecraft:rooted_dirt"
				  }
				},
				"foliage_placer": {
				  "type": "minecraft:fancy_foliage_placer",
				  "height": 3,
				  "offset": 2,
				  "radius": 2
				},
				"foliage_provider": {
				  "type": "minecraft:weighted_state_provider",
				  "entries": [
					{
					  "data": {
						"Name": "minecraft:dark_oak_leaves",
						"Properties": {
						  "distance": "7",
						  "persistent": "false",
						  "waterlogged": "false"
						}
					  },
					  "weight": 3
					},
					{
					  "data": {
						"Name": "minecraft:air"
					  },
					  "weight": 1
					}
				  ]
				},
				"force_dirt": false,
				"ignore_vines": true,
				"minimum_size": {
				  "type": "minecraft:two_layers_feature_size",
				  "limit": 1,
				  "lower_size": 0,
				  "min_clipped_height": 0,
				  "upper_size": 1
				},
				"trunk_placer": {
				  "type": "minecraft:bending_trunk_placer",
				  "base_height": 6,
				  "bend_length": {
					"type": "minecraft:uniform",
					"max_inclusive": 1,
					"min_inclusive": 1
				  },
				  "height_rand_a": 6,
				  "height_rand_b": 6,
				  "min_height_for_leaves": 40
				},
				"trunk_provider": {
				  "type": "minecraft:simple_state_provider",
				  "state": {
					"Name": "minecraft:stripped_dark_oak_log",
					"Properties": {
					  "axis": "y"
					}
				  }
				}
			  }
			},
			  "placement": [
				{
				  "type": "minecraft:count",
				  "count": 5
				}
			  ]
			},
			"tries": 1,
			"xz_spread": 0,
			"y_spread": 0
		  }
		},
		"placement": []
	  },
	  {
		"feature": {
	    "type": "minecraft:random_patch",
	    "config": {
	  	  "feature": {
			"feature": {
			  "type": "minecraft:tree",
			  "config": {
				"decorators": [
				  {
					"type": "minecraft:beehive",
					"probability": 0.001
				  }
				],
				"dirt_provider": {
				  "type": "minecraft:simple_state_provider",
				  "state": {
					"Name": "minecraft:rooted_dirt"
				  }
				},
				"foliage_placer": {
				  "type": "minecraft:fancy_foliage_placer",
				  "height": 3,
				  "offset": 2,
				  "radius": 2
				},
				"foliage_provider": {
				  "type": "minecraft:weighted_state_provider",
				  "entries": [
					{
					  "data": {
						"Name": "minecraft:dark_oak_leaves",
						"Properties": {
						  "distance": "7",
						  "persistent": "false",
						  "waterlogged": "false"
						}
					  },
					  "weight": 3
					},
					{
					  "data": {
						"Name": "minecraft:air"
					  },
					  "weight": 1
					}
				  ]
				},
				"force_dirt": false,
				"ignore_vines": true,
				"minimum_size": {
				  "type": "minecraft:two_layers_feature_size",
				  "limit": 1,
				  "lower_size": 0,
				  "min_clipped_height": 0,
				  "upper_size": 1
				},
				"trunk_placer": {
				  "type": "minecraft:bending_trunk_placer",
				  "base_height": 7,
				  "bend_length": {
					"type": "minecraft:uniform",
					"max_inclusive": 1,
					"min_inclusive": 1
				  },
				  "height_rand_a": 6,
				  "height_rand_b": 6,
				  "min_height_for_leaves": 40
				},
				"trunk_provider": {
				  "type": "minecraft:simple_state_provider",
				  "state": {
					"Name": "minecraft:stripped_dark_oak_log",
					"Properties": {
					  "axis": "y"
					}
				  }
				}
			  }
			},
			  "placement": [
				{
				  "type": "minecraft:count",
				  "count": 5
				}
			  ]
			},
			"tries": 1,
			"xz_spread": 0,
			"y_spread": 0
		  }
		},
		"placement": []
	  }
	]
  }
}