{
  "type": "minecraft:random_patch",
  "config": {
    "feature": {
			"feature": {
			  "type": "minecraft:tree",
			  "config": {
				"decorators": [
				  {
					"type": "minecraft:alter_ground",
					"provider": {
					  "type": "minecraft:weighted_state_provider",
					  "entries": [
						{
						  "data": {
							"Name": "minecraft:rooted_dirt"
						  },
						  "weight": 5
						},
						{
						  "data": {
							"Name": "minecraft:podzol"
						  },
						  "weight": 1
						},
						{
						  "data": {
							"Name": "minecraft:coarse_dirt"
						  },
						  "weight": 2
						},
						{
						  "data": {
							"Name": "minecraft:grass_block"
						  },
						  "weight": 4
						}
					  ]
					}
				  }
				],
				"dirt_provider": {
				  "type": "minecraft:simple_state_provider",
				  "state": {
					"Name": "minecraft:rooted_dirt"
				  }
				},
				"foliage_placer": {
				  "type": "minecraft:mega_pine_foliage_placer",
				  "crown_height": {
					"type": "minecraft:uniform",
					  "max_inclusive": 3,
					  "min_inclusive": 3
				  },
				  "offset": 2,
				  "radius": 1
				},
				"foliage_provider": {
				  "type": "minecraft:simple_state_provider",
				  "state": {
					"Name": "minecraft:spruce_leaves",
					"Properties": {
					  "distance": "7",
					  "persistent": "false",
					  "waterlogged": "false"
					}
				  }
				},
				"force_dirt": false,
				"ignore_vines": false,
				"minimum_size": {
				  "type": "minecraft:two_layers_feature_size",
				  "limit": 1,
				  "lower_size": 0,
				  "min_clipped_height": 0,
				  "upper_size": 0
				},
				"trunk_placer": {
				  "type": "minecraft:forking_trunk_placer",
				  "base_height": 6,
				  "height_rand_a": 7,
				  "height_rand_b": 7
				},
				"trunk_provider": {
				  "type": "minecraft:simple_state_provider",
				  "state": {
					"Name": "minecraft:mangrove_log",
					"Properties": {
					  "axis": "y"
					}
				  }
				}
			  }
			},
			"placement": [
				{
				  "type": "minecraft:count",
				  "count": 4
				}
			]
    },
    "tries": 1,
    "xz_spread": 0,
    "y_spread": 0
  }
}