{
  "type": "minecraft:random_patch",
  "config": {
    "feature": {
			"feature": {
			  "type": "minecraft:tree",
			  "config": {
				"decorators": [],
				"dirt_provider": {
				  "type": "minecraft:simple_state_provider",
				  "state": {
					"Name": "minecraft:dirt"
				  }
				},
				"foliage_placer": {
				  "type": "minecraft:mega_pine_foliage_placer",
				  "crown_height": {
					"type": "minecraft:uniform",
					  "max_inclusive": 3,
					  "min_inclusive": 2
				  },
				  "offset": {
					"type": "minecraft:uniform",
					  "max_inclusive": 3,
					  "min_inclusive": 2
				  },
				  "radius": {
					"type": "minecraft:uniform",
					  "max_inclusive": 3,
					  "min_inclusive": 2
				  }
				},
				"foliage_provider": {
				  "type": "minecraft:weighted_state_provider",
				  "entries": [
					{
					  "data": {
						"Name": "minecraft:birch_leaves",
						"Properties": {
						  "distance": "7",
						  "persistent": "false",
						  "waterlogged": "false"
						}
					  },
					  "weight": 7
					},
					{
					  "data": {"Name": "minecraft:air"},
					  "weight": 2
					}
				  ]
				},
				"force_dirt": false,
				"ignore_vines": true,
				"minimum_size": {
				  "type": "minecraft:two_layers_feature_size",
				  "limit": 1,
				  "lower_size": 0,
				  "min_clipped_height": 0,
				  "upper_size": 1
				},
				"trunk_placer": {
				  "type": "minecraft:bending_trunk_placer",
				  "base_height": 3,
				  "bend_length": {
					"type": "minecraft:uniform",
					"max_inclusive": 3,
					"min_inclusive": 1
				  },
				  "height_rand_a": 5,
				  "height_rand_b": 3,
				  "min_height_for_leaves": 20
				},
				"trunk_provider": {
				  "type": "minecraft:simple_state_provider",
				  "state": {
					"Name": "minecraft:oak_log",
					"Properties": {
					  "axis": "y"
					}
				  }
				}
			  }
			},
			"placement": [
				{
				  "type": "minecraft:count",
				  "count": 4
				}
			]
    },
    "tries": 2,
    "xz_spread": 1,
    "y_spread": 0
  }
}