{
  "type": "minecraft:random_patch",
  "config": {
    "feature": {
			"feature": {
			  "type": "minecraft:tree",
			  "config": {
				"decorators": [
				  {
					"type": "minecraft:attached_to_leaves",
					"block_provider": {
					"type": "minecraft:simple_state_provider",
						"state": {
						"Name": "minecraft:spruce_leaves"
						}
					},
					"directions": [
					  "up"
					],
					"exclusion_radius_xz": 1,
					"exclusion_radius_y": 0,
					"probability": 0.7,
					"required_empty_blocks": 1
				  }
				],
				"dirt_provider": {
				  "type": "minecraft:simple_state_provider",
				  "state": {
					"Name": "minecraft:rooted_dirt"
				  }
				},
				"foliage_placer": {
				  "type": "minecraft:spruce_foliage_placer",
				  "offset": {
					"type": "minecraft:uniform",
					"max_inclusive": 1,
					"min_inclusive": 0
				  },
				  "radius": {
					"type": "minecraft:uniform",
					"max_inclusive": 2,
					"min_inclusive": 1
				  },
				  "trunk_height": {
					"type": "minecraft:uniform",
					"max_inclusive": 4,
					"min_inclusive": 2
				  }
				},
				"foliage_provider": {
				  "type": "minecraft:weighted_state_provider",
				  "entries": [
					{
					  "data": {
						"Name": "minecraft:spruce_leaves",
						"Properties": {
						  "distance": "7",
						  "persistent": "false",
						  "waterlogged": "false"
						}
					  },
					  "weight": 7
					},
					{
					  "data": {"Name": "minecraft:air"},
					  "weight": 2
					}
				  ]
				},
				"force_dirt": false,
				"ignore_vines": false,
				"minimum_size": {
				  "type": "minecraft:two_layers_feature_size",
				  "limit": 1,
				  "lower_size": 0,
				  "min_clipped_height": 0,
				  "upper_size": 0
				},
				"trunk_placer": {
				  "type": "minecraft:straight_trunk_placer",
				  "base_height": 4,
				  "height_rand_a": 6,
				  "height_rand_b": 6
				},
				"trunk_provider": {
				  "type": "minecraft:simple_state_provider",
				  "state": {
					"Name": "minecraft:stripped_spruce_log",
					"Properties": {
					  "axis": "y"
					}
				  }
				}
			  }
			},
			"placement": [
				{
				  "type": "minecraft:count",
				  "count": 5
				}
			]
    },
    "tries": 1,
    "xz_spread": 0,
    "y_spread": 0
  }
}