{
  "type": "minecraft:random_patch",
  "config": {
    "feature": {
			"feature": {
			  "type": "minecraft:tree",
			  "config": {
				"decorators": [],
				"dirt_provider": {
				  "type": "minecraft:simple_state_provider",
				  "state": {
					"Name": "minecraft:rooted_dirt"
				  }
				},
				"foliage_placer": {
				  "type": "minecraft:mega_pine_foliage_placer",
				  "crown_height": {
					"type": "minecraft:uniform",
					  "max_inclusive": 5,
					  "min_inclusive": 4
				  },
				  "offset": 2,
				  "radius": {
					"type": "minecraft:uniform",
					  "max_inclusive": 2,
					  "min_inclusive": 1
				  }
				},
				"foliage_provider": {
				  "type": "minecraft:simple_state_provider",
				  "state": {
					"Name": "minecraft:acacia_leaves",
					"Properties": {
					  "distance": "7",
					  "persistent": "false",
					  "waterlogged": "false"
					}
				  }
				},
				"force_dirt": false,
				"ignore_vines": false,
				"minimum_size": {
				  "type": "minecraft:two_layers_feature_size",
				  "limit": 1,
				  "lower_size": 0,
				  "min_clipped_height": 0,
				  "upper_size": 0
				},
				"trunk_placer": {
				  "type": "minecraft:upwards_branching_trunk_placer",
				  "base_height": 6,
				  "can_grow_through": "#minecraft:mangrove_logs_can_grow_through",
				  "extra_branch_length": {
					"type": "minecraft:uniform",
					"max_inclusive": 1,
					"min_inclusive": 1
				  },
				  "extra_branch_steps": {
					"type": "minecraft:uniform",
					"max_inclusive": 2,
					"min_inclusive": 1
				  },
				  "height_rand_a": 7,
				  "height_rand_b": 4,
				  "place_branch_per_log_probability": 0.2
				},
				"trunk_provider": {
				  "type": "minecraft:simple_state_provider",
				  "state": {
					"Name": "minecraft:dark_oak_log",
					"Properties": {
					  "axis": "y"
					}
				  }
				}
			  }
			},
			"placement": [
				{
				  "type": "minecraft:count",
				  "count": 2
				}
			]
    },
    "tries": 1,
    "xz_spread": 0,
    "y_spread": 0
  }
}