{
  "type": "minecraft:random_patch",
  "config": {
    "feature": {
			"feature": {
			  "type": "minecraft:tree",
			  "config": {
				"decorators": [],
				"dirt_provider": {
				  "type": "minecraft:simple_state_provider",
				  "state": {
					"Name": "minecraft:dirt"
				  }
				},
				"foliage_placer": {
				  "type": "minecraft:fancy_foliage_placer",
				  "height": 3,
				  "offset": 2,
				  "radius": 3
				},
				"foliage_provider": {
				  "type": "minecraft:weighted_state_provider",
				  "entries": [
					{
					  "data": {
						"Name": "minecraft:azalea_leaves",
						"Properties": {
						  "distance": "7",
						  "persistent": "false",
						  "waterlogged": "false"
						}
					  },
					  "weight": 4
					},
					{
					  "data": {
						"Name": "minecraft:air"
					  },
					  "weight": 3
					}
				  ]
				},
				"force_dirt": false,
				"ignore_vines": true,
				"minimum_size": {
				  "type": "minecraft:two_layers_feature_size",
				  "limit": 1,
				  "lower_size": 0,
				  "min_clipped_height": 0,
				  "upper_size": 1
				},
				"trunk_placer": {
				  "type": "minecraft:bending_trunk_placer",
				  "base_height": 2,
				  "bend_length": {
					"type": "minecraft:uniform",
					"max_inclusive": 3,
					"min_inclusive": 1
				  },
				  "height_rand_a": 8,
				  "height_rand_b": 4,
				  "min_height_for_leaves": 20
				},
				"trunk_provider": {
				  "type": "minecraft:simple_state_provider",
				  "state": {
					"Name": "minecraft:stripped_oak_log",
					"Properties": {
					  "axis": "y"
					}
				  }
				}
			  }
			},
			"placement": [
				{
				  "type": "minecraft:count",
				  "count": 4
				}
			]
    },
    "tries": 1,
    "xz_spread": 0,
    "y_spread": 0
  }
}