{
			  "type": "minecraft:tree",
			  "config": {
				"decorators": [
				  {
					"type": "minecraft:alter_ground",
					"provider": {
					  "type": "minecraft:weighted_state_provider",
					  "entries": [
						{
						  "data": {
							"Name": "minecraft:podzol"
						  },
						  "weight": 5
						},
						{
						  "data": {
							"Name": "minecraft:coarse_dirt"
						  },
						  "weight": 2
						},
						{
						  "data": {
							"Name": "minecraft:grass_block"
						  },
						  "weight": 4
						}
					  ]
					}
				  },
				  {
					"type": "minecraft:cocoa",
					"probability": 0.2
				  },
				  {
					"type": "minecraft:trunk_vine"
				  }
				],
				"dirt_provider": {
				  "type": "minecraft:simple_state_provider",
				  "state": {
					"Name": "minecraft:dirt"
				  }
				},
				"foliage_placer": {
				  "type": "minecraft:jungle_foliage_placer",
				  "height": 2,
				  "offset": 0,
				  "radius": 2
				},
				"foliage_provider": {
				  "type": "minecraft:simple_state_provider",
				  "state": {
					"Name": "minecraft:jungle_leaves",
					"Properties": {
					  "distance": "7",
					  "persistent": "false",
					  "waterlogged": "false"
					}
				  }
				},
				"force_dirt": false,
				"ignore_vines": false,
				"minimum_size": {
				  "type": "minecraft:two_layers_feature_size",
				  "limit": 1,
				  "lower_size": 0,
				  "min_clipped_height": 0,
				  "upper_size": 0
				},
				"trunk_placer": {
				  "type": "minecraft:cherry_trunk_placer",
				  "base_height": 6,
				  "branch_count": {
					"type": "minecraft:weighted_list",
					"distribution": [
					  {
						"data": 2,
						"weight": 1
					  },
					  {
						"data": 3,
						"weight": 1
					  }
					]
				  },
				  "branch_end_offset_from_top": {
					"type": "minecraft:uniform",
					  "max_inclusive": 1,
					  "min_inclusive": 0
				  },
				  "branch_horizontal_length": {
					"type": "minecraft:uniform",
					  "max_inclusive": 4,
					  "min_inclusive": 3
				  },
				  "branch_start_offset_from_top": {
					"max_inclusive": 0,
					"min_inclusive": -1
				  },
				  "height_rand_a": 8,
				  "height_rand_b": 5
				},
				"trunk_provider": {
				  "type": "minecraft:simple_state_provider",
				  "state": {
					"Name": "minecraft:jungle_log",
					"Properties": {
					  "axis": "y"
					}
				  }
				}
			  }
}