{
  "type": "minecraft:random_patch",
  "config": {
    "feature": {
			"feature": {
			  "type": "minecraft:tree",
			  "config": {
				"decorators": [],
				"dirt_provider": {
				  "type": "minecraft:simple_state_provider",
				  "state": {
					"Name": "minecraft:dirt"
				  }
				},
				"foliage_placer": {
				  "type": "minecraft:jungle_foliage_placer",
				  "height": 2,
				  "offset": 1,
				  "radius": 1
				},
				"foliage_provider": {
				  "type": "minecraft:simple_state_provider",
				  "state": {
					"Name": "minecraft:azalea_leaves",
					"Properties": {
					  "distance": "7",
					  "persistent": "false",
					  "waterlogged": "false"
					}
				  }
				},
				"force_dirt": false,
				"ignore_vines": true,
				"minimum_size": {
				  "type": "minecraft:two_layers_feature_size",
				  "limit": 1,
				  "lower_size": 0,
				  "min_clipped_height": 0,
				  "upper_size": 1
				},
				"trunk_placer": {
				  "type": "minecraft:bending_trunk_placer",
				  "base_height": 4,
				  "bend_length": {
					"type": "minecraft:uniform",
					"max_inclusive": 1,
					"min_inclusive": 1
				  },
				  "height_rand_a": 6,
				  "height_rand_b": 2,
				  "min_height_for_leaves": 20
				},
				"trunk_provider": {
				  "type": "minecraft:simple_state_provider",
				  "state": {
					"Name": "minecraft:mangrove_log",
					"Properties": {
					  "axis": "y"
					}
				  }
				}
			  }
			},
			"placement": [
				{
				  "type": "minecraft:count",
				  "count": 4
				}
			]
    },
    "tries": 1,
    "xz_spread": 0,
    "y_spread": 0
  }
}