{
			"type": "minecraft:tree",
			  "config": {
				"decorators": [],
				"dirt_provider": {
				"type": "minecraft:simple_state_provider",
				  "state": {
					"Name": "minecraft:dirt"
				  }
				},
				"foliage_placer": {
				  "type": "minecraft:fancy_foliage_placer",
				  "height": 5,
				  "offset": 1,
				  "radius": 2
				},
				"foliage_provider": {
				  "type": "minecraft:weighted_state_provider",
				  "entries": [
					{
					  "data": {
						"Name": "minecraft:birch_leaves",
						"Properties": {
						  "distance": "7",
						  "persistent": "false",
						  "waterlogged": "false"
						}
					  },
					  "weight": 6
					},
					{
					  "data": {"Name": "minecraft:air"},
					  "weight": 3
					}
				  ]
				},
				"force_dirt": false,
				"ignore_vines": false,
				"minimum_size": {
				  "type": "minecraft:two_layers_feature_size",
				  "limit": 1,
				  "lower_size": 0,
				  "upper_size": 0
				},
				"trunk_placer": {
				  "type": "minecraft:cherry_trunk_placer",
				  "base_height": 3,
				  "branch_count": {
					"type": "minecraft:weighted_list",
					"distribution": [
					  {
						"data": 1,
						"weight": 3
					  },
					  {
						"data": 2,
						"weight": 1
					  },
					  {
						"data": 3,
						"weight": 2
					  }
					]
				  },
				  "branch_end_offset_from_top": {
					"type": "minecraft:uniform",
					  "max_inclusive": 1,
					  "min_inclusive": 0
				  },
				  "branch_horizontal_length": {
					"type": "minecraft:uniform",
					  "max_inclusive": 3,
					  "min_inclusive": 2
				  },
				  "branch_start_offset_from_top": {
					"max_inclusive": 0,
					"min_inclusive": -5
				  },
				  "height_rand_a": 2,
				  "height_rand_b": 2
				},
				"trunk_provider": {
				  "type": "minecraft:simple_state_provider",
				  "state": {
					"Name": "minecraft:acacia_wood",
					"Properties": {
					  "axis": "y"
					}
				  }
				}
			  }
}