{
  "type": "minecraft:random_patch",
  "config": {
    "feature": {
			"feature": {
			  "type": "minecraft:simple_random_selector",
			  "config": {
				"features": [
				  {
				  "feature": {
						"type": "minecraft:tree",
						  "config": {
							"decorators": [],
							"dirt_provider": {
							"type": "minecraft:simple_state_provider",
							  "state": {
								"Name": "minecraft:dirt"
							  }
							},
							"foliage_placer": {
							  "type": "minecraft:random_spread_foliage_placer",
							  "foliage_height": {
								"type": "minecraft:uniform",
								"min_inclusive": 1,
								"max_inclusive": 1
							  },
							  "leaf_placement_attempts": 70,
							  "offset": 0,
							  "radius": 1
							},
							"foliage_provider": {
							  "type": "minecraft:simple_state_provider",
							  "state": {
								"Name": "minecraft:oak_wood",
								"Properties": {
								  "axis": "y"
								}
							  }
							},
							"force_dirt": false,
							"ignore_vines": false,
							"minimum_size": {
							  "type": "minecraft:two_layers_feature_size",
							  "limit": 1,
							  "lower_size": 0,
							  "upper_size": 0
							},
							"trunk_placer": {
							  "type": "minecraft:cherry_trunk_placer",
							  "base_height": 1,
							  "branch_count": {
								"type": "minecraft:weighted_list",
								"distribution": [
								  {
									"data": 1,
									"weight": 4
								  },
								  {
									"data": 2,
									"weight": 1
								  }
								]
							  },
							  "branch_end_offset_from_top": {
								"type": "minecraft:uniform",
								  "max_inclusive": 14,
								  "min_inclusive": 4
							  },
							  "branch_horizontal_length": {
								"type": "minecraft:uniform",
								  "max_inclusive": 3,
								  "min_inclusive": 2
							  },
							  "branch_start_offset_from_top": {
								"max_inclusive": 0,
								"min_inclusive": -5
							  },
							  "height_rand_a": 5,
							  "height_rand_b": 1
							},
							"trunk_provider": {
							  "type": "minecraft:simple_state_provider",
							  "state": {
								"Name": "minecraft:stripped_spruce_log",
								"Properties": {
								  "axis": "y"
								}
							  }
							}
						  }

					},
					"placement": [
						{
						  "type": "minecraft:block_predicate_filter",
						  "predicate": {
							"type": "minecraft:all_of",
							"predicates": [
							  {
								"type": "minecraft:matching_blocks",
								"blocks": [
								  "minecraft:air",
								  "minecraft:oak_leaves",
								  "minecraft:acacia_leaves",
								  "minecraft:short_grass",
								  "minecraft:tall_grass"
								]
							  }
							]
						  }
						}
					]
				  },
				  {
					"feature": {
					"type": "minecraft:random_patch",
					"config": {
					  "feature": {
						"feature": {
						  "type": "minecraft:disk",
						  "config": {
							"half_height": 4,
							"radius": {
							  "type": "minecraft:uniform",
							  "max_inclusive": 8,
							  "min_inclusive": 8
							},
							"state_provider": {
							  "fallback": {
								"type": "minecraft:simple_state_provider",
								"state": {
								  "Name": "minecraft:air"
								}
							  },
							  "rules": [
								{
								  "if_true": {
									"type": "minecraft:matching_blocks",
									"blocks": [ 
										"minecraft:oak_wood"
									],
									"offset": [
									  0,
									  -1,
									  0
									]
								  },
								  "then": {
									"type": "minecraft:simple_state_provider",
									"state": {
									  "Name": "minecraft:azalea_leaves",
									  "Properties": {
										"distance": "7",
										"persistent": "true",
										"waterlogged": "false"
									  }
									}
								  }
								},
								{
								  "if_true": {
									"type": "minecraft:matching_blocks",
									"blocks": [ 
										"minecraft:oak_wood"
									],
									"offset": [
									  0,
									  -2,
									  0
									]
								  },
								  "then": {
									"type": "minecraft:simple_state_provider",
									"state": {
									  "Name": "minecraft:azalea_leaves",
									  "Properties": {
										"distance": "7",
										"persistent": "true",
										"waterlogged": "false"
									  }
									}
								  }
								},
								{
								  "if_true": {
									"type": "minecraft:matching_blocks",
									"blocks": [ 
										"minecraft:oak_wood"
									],
									"offset": [
									  1,
									  -1,
									  0
									]
								  },
								  "then": {
									"type": "minecraft:simple_state_provider",
									"state": {
									  "Name": "minecraft:azalea_leaves",
									  "Properties": {
										"distance": "7",
										"persistent": "true",
										"waterlogged": "false"
									  }
									}
								  }
								},
								{
								  "if_true": {
									"type": "minecraft:matching_blocks",
									"blocks": [ 
										"minecraft:oak_wood"
									],
									"offset": [
									  2,
									  -1,
									  0
									]
								  },
								  "then": {
									"type": "minecraft:simple_state_provider",
									"state": {
									  "Name": "minecraft:azalea_leaves",
									  "Properties": {
										"distance": "7",
										"persistent": "true",
										"waterlogged": "false"
									  }
									}
								  }
								},
								{
								  "if_true": {
									"type": "minecraft:matching_blocks",
									"blocks": [ 
										"minecraft:oak_wood"
									],
									"offset": [
									  3,
									  -1,
									  0
									]
								  },
								  "then": {
									"type": "minecraft:simple_state_provider",
									"state": {
									  "Name": "minecraft:azalea_leaves",
									  "Properties": {
										"distance": "7",
										"persistent": "true",
										"waterlogged": "false"
									  }
									}
								  }
								},
								{
								  "if_true": {
									"type": "minecraft:matching_blocks",
									"blocks": [ 
										"minecraft:oak_wood"
									],
									"offset": [
									  -1,
									  -1,
									  0
									]
								  },
								  "then": {
									"type": "minecraft:simple_state_provider",
									"state": {
									  "Name": "minecraft:azalea_leaves",
									  "Properties": {
										"distance": "7",
										"persistent": "true",
										"waterlogged": "false"
									  }
									}
								  }
								},
								{
								  "if_true": {
									"type": "minecraft:matching_blocks",
									"blocks": [ 
										"minecraft:oak_wood"
									],
									"offset": [
									  -2,
									  -1,
									  0
									]
								  },
								  "then": {
									"type": "minecraft:simple_state_provider",
									"state": {
									  "Name": "minecraft:azalea_leaves",
									  "Properties": {
										"distance": "7",
										"persistent": "true",
										"waterlogged": "false"
									  }
									}
								  }
								},
								{
								  "if_true": {
									"type": "minecraft:matching_blocks",
									"blocks": [ 
										"minecraft:oak_wood"
									],
									"offset": [
									  -3,
									  -1,
									  0
									]
								  },
								  "then": {
									"type": "minecraft:simple_state_provider",
									"state": {
									  "Name": "minecraft:azalea_leaves",
									  "Properties": {
										"distance": "7",
										"persistent": "true",
										"waterlogged": "false"
									  }
									}
								  }
								},
								{
								  "if_true": {
									"type": "minecraft:matching_blocks",
									"blocks": [ 
										"minecraft:oak_wood"
									],
									"offset": [
									  0,
									  -1,
									  1
									]
								  },
								  "then": {
									"type": "minecraft:simple_state_provider",
									"state": {
									  "Name": "minecraft:azalea_leaves",
									  "Properties": {
										"distance": "7",
										"persistent": "true",
										"waterlogged": "false"
									  }
									}
								  }
								},
								{
								  "if_true": {
									"type": "minecraft:matching_blocks",
									"blocks": [ 
										"minecraft:oak_wood"
									],
									"offset": [
									  0,
									  -1,
									  2
									]
								  },
								  "then": {
									"type": "minecraft:simple_state_provider",
									"state": {
									  "Name": "minecraft:azalea_leaves",
									  "Properties": {
										"distance": "7",
										"persistent": "true",
										"waterlogged": "false"
									  }
									}
								  }
								},
								{
								  "if_true": {
									"type": "minecraft:matching_blocks",
									"blocks": [ 
										"minecraft:oak_wood"
									],
									"offset": [
									  0,
									  -1,
									  3
									]
								  },
								  "then": {
									"type": "minecraft:simple_state_provider",
									"state": {
									  "Name": "minecraft:azalea_leaves",
									  "Properties": {
										"distance": "7",
										"persistent": "true",
										"waterlogged": "false"
									  }
									}
								  }
								},
								{
								  "if_true": {
									"type": "minecraft:matching_blocks",
									"blocks": [ 
										"minecraft:oak_wood"
									],
									"offset": [
									  0,
									  -1,
									  -1
									]
								  },
								  "then": {
									"type": "minecraft:simple_state_provider",
									"state": {
									  "Name": "minecraft:azalea_leaves",
									  "Properties": {
										"distance": "7",
										"persistent": "true",
										"waterlogged": "false"
									  }
									}
								  }
								},
								{
								  "if_true": {
									"type": "minecraft:matching_blocks",
									"blocks": [ 
										"minecraft:oak_wood"
									],
									"offset": [
									  0,
									  -1,
									  -2
									]
								  },
								  "then": {
									"type": "minecraft:simple_state_provider",
									"state": {
									  "Name": "minecraft:azalea_leaves",
									  "Properties": {
										"distance": "7",
										"persistent": "true",
										"waterlogged": "false"
									  }
									}
								  }
								},
								{
								  "if_true": {
									"type": "minecraft:matching_blocks",
									"blocks": [ 
										"minecraft:oak_wood"
									],
									"offset": [
									  0,
									  -1,
									  -3
									]
								  },
								  "then": {
									"type": "minecraft:simple_state_provider",
									"state": {
									  "Name": "minecraft:azalea_leaves",
									  "Properties": {
										"distance": "7",
										"persistent": "true",
										"waterlogged": "false"
									  }
									}
								  }
								},
								{
								  "if_true": {
									"type": "minecraft:matching_blocks",
									"blocks": [ 
										"minecraft:oak_wood"
									],
									"offset": [
									  1,
									  -2,
									  1
									]
								  },
								  "then": {
									"type": "minecraft:simple_state_provider",
									"state": {
									  "Name": "minecraft:azalea_leaves",
									  "Properties": {
										"distance": "7",
										"persistent": "true",
										"waterlogged": "false"
									  }
									}
								  }
								},
								{
								  "if_true": {
									"type": "minecraft:matching_blocks",
									"blocks": [ 
										"minecraft:oak_wood"
									],
									"offset": [
									  -1,
									  -2,
									  1
									]
								  },
								  "then": {
									"type": "minecraft:simple_state_provider",
									"state": {
									  "Name": "minecraft:azalea_leaves",
									  "Properties": {
										"distance": "7",
										"persistent": "true",
										"waterlogged": "false"
									  }
									}
								  }
								},
								{
								  "if_true": {
									"type": "minecraft:matching_blocks",
									"blocks": [ 
										"minecraft:oak_wood"
									],
									"offset": [
									  1,
									  -2,
									  -1
									]
								  },
								  "then": {
									"type": "minecraft:simple_state_provider",
									"state": {
									  "Name": "minecraft:azalea_leaves",
									  "Properties": {
										"distance": "7",
										"persistent": "true",
										"waterlogged": "false"
									  }
									}
								  }
								},
								{
								  "if_true": {
									"type": "minecraft:matching_blocks",
									"blocks": [ 
										"minecraft:oak_wood"
									],
									"offset": [
									  -1,
									  -2,
									  -1
									]
								  },
								  "then": {
									"type": "minecraft:simple_state_provider",
									"state": {
									  "Name": "minecraft:azalea_leaves",
									  "Properties": {
										"distance": "7",
										"persistent": "true",
										"waterlogged": "false"
									  }
									}
								  }
								},
								{
								  "if_true": {
									"type": "minecraft:matching_blocks",
									"blocks": [ 
										"minecraft:oak_wood"
									],
									"offset": [
									  1,
									  -3,
									  1
									]
								  },
								  "then": {
									"type": "minecraft:simple_state_provider",
									"state": {
									  "Name": "minecraft:azalea_leaves",
									  "Properties": {
										"distance": "7",
										"persistent": "true",
										"waterlogged": "false"
									  }
									}
								  }
								},
								{
								  "if_true": {
									"type": "minecraft:matching_blocks",
									"blocks": [ 
										"minecraft:oak_wood"
									],
									"offset": [
									  -1,
									  -3,
									  1
									]
								  },
								  "then": {
									"type": "minecraft:simple_state_provider",
									"state": {
									  "Name": "minecraft:azalea_leaves",
									  "Properties": {
										"distance": "7",
										"persistent": "true",
										"waterlogged": "false"
									  }
									}
								  }
								},
								{
								  "if_true": {
									"type": "minecraft:matching_blocks",
									"blocks": [ 
										"minecraft:oak_wood"
									],
									"offset": [
									  1,
									  -3,
									  -1
									]
								  },
								  "then": {
									"type": "minecraft:simple_state_provider",
									"state": {
									  "Name": "minecraft:azalea_leaves",
									  "Properties": {
										"distance": "7",
										"persistent": "true",
										"waterlogged": "false"
									  }
									}
								  }
								},
								{
								  "if_true": {
									"type": "minecraft:matching_blocks",
									"blocks": [ 
										"minecraft:oak_wood"
									],
									"offset": [
									  -1,
									  -3,
									  -1
									]
								  },
								  "then": {
									"type": "minecraft:simple_state_provider",
									"state": {
									  "Name": "minecraft:azalea_leaves",
									  "Properties": {
										"distance": "7",
										"persistent": "true",
										"waterlogged": "false"
									  }
									}
								  }
								},
								{
								  "if_true": {
									"type": "minecraft:matching_blocks",
									"blocks": [ 
										"minecraft:oak_wood"
									],
									"offset": [
									  2,
									  -3,
									  2
									]
								  },
								  "then": {
									"type": "minecraft:simple_state_provider",
									"state": {
									  "Name": "minecraft:azalea_leaves",
									  "Properties": {
										"distance": "7",
										"persistent": "true",
										"waterlogged": "false"
									  }
									}
								  }
								},
								{
								  "if_true": {
									"type": "minecraft:matching_blocks",
									"blocks": [ 
										"minecraft:oak_wood"
									],
									"offset": [
									  -2,
									  -3,
									  2
									]
								  },
								  "then": {
									"type": "minecraft:simple_state_provider",
									"state": {
									  "Name": "minecraft:azalea_leaves",
									  "Properties": {
										"distance": "7",
										"persistent": "true",
										"waterlogged": "false"
									  }
									}
								  }
								},
								{
								  "if_true": {
									"type": "minecraft:matching_blocks",
									"blocks": [ 
										"minecraft:oak_wood"
									],
									"offset": [
									  2,
									  -3,
									  -2
									]
								  },
								  "then": {
									"type": "minecraft:simple_state_provider",
									"state": {
									  "Name": "minecraft:azalea_leaves",
									  "Properties": {
										"distance": "7",
										"persistent": "true",
										"waterlogged": "false"
									  }
									}
								  }
								},
								{
								  "if_true": {
									"type": "minecraft:matching_blocks",
									"blocks": [ 
										"minecraft:oak_wood"
									],
									"offset": [
									  -2,
									  -3,
									  -2
									]
								  },
								  "then": {
									"type": "minecraft:simple_state_provider",
									"state": {
									  "Name": "minecraft:azalea_leaves",
									  "Properties": {
										"distance": "7",
										"persistent": "true",
										"waterlogged": "false"
									  }
									}
								  }
								},
								{
								  "if_true": {
									"type": "minecraft:matching_blocks",
									"blocks": [ 
										"minecraft:oak_wood"
									],
									"offset": [
									  1,
									  0,
									  0
									]
								  },
								  "then": {
									"type": "minecraft:simple_state_provider",
									"state": {
									  "Name": "minecraft:azalea_leaves",
									  "Properties": {
										"distance": "7",
										"persistent": "true",
										"waterlogged": "false"
									  }
									}
								  }
								},
								{
								  "if_true": {
									"type": "minecraft:matching_blocks",
									"blocks": [ 
										"minecraft:oak_wood"
									],
									"offset": [
									  -1,
									  0,
									  0
									]
								  },
								  "then": {
									"type": "minecraft:simple_state_provider",
									"state": {
									  "Name": "minecraft:azalea_leaves",
									  "Properties": {
										"distance": "7",
										"persistent": "true",
										"waterlogged": "false"
									  }
									}
								  }
								},
								{
								  "if_true": {
									"type": "minecraft:matching_blocks",
									"blocks": [ 
										"minecraft:oak_wood"
									],
									"offset": [
									  0,
									  0,
									  1
									]
								  },
								  "then": {
									"type": "minecraft:simple_state_provider",
									"state": {
									  "Name": "minecraft:azalea_leaves",
									  "Properties": {
										"distance": "7",
										"persistent": "true",
										"waterlogged": "false"
									  }
									}
								  }
								},
								{
								  "if_true": {
									"type": "minecraft:matching_blocks",
									"blocks": [ 
										"minecraft:oak_wood"
									],
									"offset": [
									  0,
									  0,
									  -1
									]
								  },
								  "then": {
									"type": "minecraft:simple_state_provider",
									"state": {
									  "Name": "minecraft:azalea_leaves",
									  "Properties": {
										"distance": "7",
										"persistent": "true",
										"waterlogged": "false"
									  }
									}
								  }
								},
								{
								  "if_true": {
									"type": "minecraft:matching_blocks",
									"blocks": [ 
										"minecraft:oak_wood"
									],
									"offset": [
									  1,
									  0,
									  1
									]
								  },
								  "then": {
									"type": "minecraft:simple_state_provider",
									"state": {
									  "Name": "minecraft:azalea_leaves",
									  "Properties": {
										"distance": "7",
										"persistent": "true",
										"waterlogged": "false"
									  }
									}
								  }
								},
								{
								  "if_true": {
									"type": "minecraft:matching_blocks",
									"blocks": [ 
										"minecraft:oak_wood"
									],
									"offset": [
									  -1,
									  0,
									  1
									]
								  },
								  "then": {
									"type": "minecraft:simple_state_provider",
									"state": {
									  "Name": "minecraft:azalea_leaves",
									  "Properties": {
										"distance": "7",
										"persistent": "true",
										"waterlogged": "false"
									  }
									}
								  }
								},
								{
								  "if_true": {
									"type": "minecraft:matching_blocks",
									"blocks": [ 
										"minecraft:oak_wood"
									],
									"offset": [
									  1,
									  0,
									  -1
									]
								  },
								  "then": {
									"type": "minecraft:simple_state_provider",
									"state": {
									  "Name": "minecraft:azalea_leaves",
									  "Properties": {
										"distance": "7",
										"persistent": "true",
										"waterlogged": "false"
									  }
									}
								  }
								},
								{
								  "if_true": {
									"type": "minecraft:matching_blocks",
									"blocks": [ 
										"minecraft:oak_wood"
									],
									"offset": [
									  -1,
									  0,
									  -1
									]
								  },
								  "then": {
									"type": "minecraft:simple_state_provider",
									"state": {
									  "Name": "minecraft:azalea_leaves",
									  "Properties": {
										"distance": "7",
										"persistent": "true",
										"waterlogged": "false"
									  }
									}
								  }
								},
								{
								  "if_true": {
									"type": "minecraft:matching_blocks",
									"blocks": [ 
										"minecraft:oak_wood"
									],
									"offset": [
									  2,
									  0,
									  2
									]
								  },
								  "then": {
									"type": "minecraft:simple_state_provider",
									"state": {
									  "Name": "minecraft:azalea_leaves",
									  "Properties": {
										"distance": "7",
										"persistent": "true",
										"waterlogged": "false"
									  }
									}
								  }
								},
								{
								  "if_true": {
									"type": "minecraft:matching_blocks",
									"blocks": [ 
										"minecraft:oak_wood"
									],
									"offset": [
									  -2,
									  0,
									  2
									]
								  },
								  "then": {
									"type": "minecraft:simple_state_provider",
									"state": {
									  "Name": "minecraft:azalea_leaves",
									  "Properties": {
										"distance": "7",
										"persistent": "true",
										"waterlogged": "false"
									  }
									}
								  }
								},
								{
								  "if_true": {
									"type": "minecraft:matching_blocks",
									"blocks": [ 
										"minecraft:oak_wood"
									],
									"offset": [
									  2,
									  0,
									  -2
									]
								  },
								  "then": {
									"type": "minecraft:simple_state_provider",
									"state": {
									  "Name": "minecraft:azalea_leaves",
									  "Properties": {
										"distance": "7",
										"persistent": "true",
										"waterlogged": "false"
									  }
									}
								  }
								},
								{
								  "if_true": {
									"type": "minecraft:matching_blocks",
									"blocks": [ 
										"minecraft:oak_wood"
									],
									"offset": [
									  -2,
									  0,
									  -2
									]
								  },
								  "then": {
									"type": "minecraft:simple_state_provider",
									"state": {
									  "Name": "minecraft:azalea_leaves",
									  "Properties": {
										"distance": "7",
										"persistent": "true",
										"waterlogged": "false"
									  }
									}
								  }
								},
								{
								  "if_true": {
									"type": "minecraft:matching_blocks",
									"blocks": [ 
										"minecraft:oak_wood"
									],
									"offset": [
									  4,
									  0,
									  0
									]
								  },
								  "then": {
									"type": "minecraft:simple_state_provider",
									"state": {
									  "Name": "minecraft:azalea_leaves",
									  "Properties": {
										"distance": "7",
										"persistent": "true",
										"waterlogged": "false"
									  }
									}
								  }
								},
								{
								  "if_true": {
									"type": "minecraft:matching_blocks",
									"blocks": [ 
										"minecraft:oak_wood"
									],
									"offset": [
									  -4,
									  0,
									  0
									]
								  },
								  "then": {
									"type": "minecraft:simple_state_provider",
									"state": {
									  "Name": "minecraft:azalea_leaves",
									  "Properties": {
										"distance": "7",
										"persistent": "true",
										"waterlogged": "false"
									  }
									}
								  }
								},
								{
								  "if_true": {
									"type": "minecraft:matching_blocks",
									"blocks": [ 
										"minecraft:oak_wood"
									],
									"offset": [
									  0,
									  0,
									  4
									]
								  },
								  "then": {
									"type": "minecraft:simple_state_provider",
									"state": {
									  "Name": "minecraft:azalea_leaves",
									  "Properties": {
										"distance": "7",
										"persistent": "true",
										"waterlogged": "false"
									  }
									}
								  }
								},
								{
								  "if_true": {
									"type": "minecraft:matching_blocks",
									"blocks": [ 
										"minecraft:oak_wood"
									],
									"offset": [
									  0,
									  0,
									  -4
									]
								  },
								  "then": {
									"type": "minecraft:simple_state_provider",
									"state": {
									  "Name": "minecraft:azalea_leaves",
									  "Properties": {
										"distance": "7",
										"persistent": "true",
										"waterlogged": "false"
									  }
									}
								  }
								},
								{
								  "if_true": {
									"type": "minecraft:matching_blocks",
									"blocks": [ 
										"minecraft:oak_wood"
									],
									"offset": [
									  2,
									  1,
									  0
									]
								  },
								  "then": {
									"type": "minecraft:simple_state_provider",
									"state": {
									  "Name": "minecraft:azalea_leaves",
									  "Properties": {
										"distance": "7",
										"persistent": "true",
										"waterlogged": "false"
									  }
									}
								  }
								},
								{
								  "if_true": {
									"type": "minecraft:matching_blocks",
									"blocks": [ 
										"minecraft:oak_wood"
									],
									"offset": [
									  -2,
									  1,
									  0
									]
								  },
								  "then": {
									"type": "minecraft:simple_state_provider",
									"state": {
									  "Name": "minecraft:azalea_leaves",
									  "Properties": {
										"distance": "7",
										"persistent": "true",
										"waterlogged": "false"
									  }
									}
								  }
								},
								{
								  "if_true": {
									"type": "minecraft:matching_blocks",
									"blocks": [ 
										"minecraft:oak_wood"
									],
									"offset": [
									  0,
									  1,
									  2
									]
								  },
								  "then": {
									"type": "minecraft:simple_state_provider",
									"state": {
									  "Name": "minecraft:azalea_leaves",
									  "Properties": {
										"distance": "7",
										"persistent": "true",
										"waterlogged": "false"
									  }
									}
								  }
								},
								{
								  "if_true": {
									"type": "minecraft:matching_blocks",
									"blocks": [ 
										"minecraft:oak_wood"
									],
									"offset": [
									  0,
									  1,
									  -2
									]
								  },
								  "then": {
									"type": "minecraft:simple_state_provider",
									"state": {
									  "Name": "minecraft:azalea_leaves",
									  "Properties": {
										"distance": "7",
										"persistent": "true",
										"waterlogged": "false"
									  }
									}
								  }
								},
								{
								  "if_true": {
									"type": "minecraft:matching_blocks",
									"blocks": [ 
										"minecraft:oak_wood"
									],
									"offset": [
									  2,
									  1,
									  2
									]
								  },
								  "then": {
									"type": "minecraft:simple_state_provider",
									"state": {
									  "Name": "minecraft:azalea_leaves",
									  "Properties": {
										"distance": "7",
										"persistent": "true",
										"waterlogged": "false"
									  }
									}
								  }
								},
								{
								  "if_true": {
									"type": "minecraft:matching_blocks",
									"blocks": [ 
										"minecraft:oak_wood"
									],
									"offset": [
									  -2,
									  1,
									  2
									]
								  },
								  "then": {
									"type": "minecraft:simple_state_provider",
									"state": {
									  "Name": "minecraft:azalea_leaves",
									  "Properties": {
										"distance": "7",
										"persistent": "true",
										"waterlogged": "false"
									  }
									}
								  }
								},
								{
								  "if_true": {
									"type": "minecraft:matching_blocks",
									"blocks": [ 
										"minecraft:oak_wood"
									],
									"offset": [
									  2,
									  1,
									  -2
									]
								  },
								  "then": {
									"type": "minecraft:simple_state_provider",
									"state": {
									  "Name": "minecraft:azalea_leaves",
									  "Properties": {
										"distance": "7",
										"persistent": "true",
										"waterlogged": "false"
									  }
									}
								  }
								},
								{
								  "if_true": {
									"type": "minecraft:matching_blocks",
									"blocks": [ 
										"minecraft:oak_wood"
									],
									"offset": [
									  -2,
									  1,
									  -2
									]
								  },
								  "then": {
									"type": "minecraft:simple_state_provider",
									"state": {
									  "Name": "minecraft:azalea_leaves",
									  "Properties": {
										"distance": "7",
										"persistent": "true",
										"waterlogged": "false"
									  }
									}
								  }
								},
								{
								  "if_true": {
									"type": "minecraft:matching_blocks",
									"blocks": [ 
										"minecraft:oak_wood"
									],
									"offset": [
									  2,
									  2,
									  0
									]
								  },
								  "then": {
									"type": "minecraft:simple_state_provider",
									"state": {
									  "Name": "minecraft:azalea_leaves",
									  "Properties": {
										"distance": "7",
										"persistent": "true",
										"waterlogged": "false"
									  }
									}
								  }
								},
								{
								  "if_true": {
									"type": "minecraft:matching_blocks",
									"blocks": [ 
										"minecraft:oak_wood"
									],
									"offset": [
									  -2,
									  2,
									  0
									]
								  },
								  "then": {
									"type": "minecraft:simple_state_provider",
									"state": {
									  "Name": "minecraft:azalea_leaves",
									  "Properties": {
										"distance": "7",
										"persistent": "true",
										"waterlogged": "false"
									  }
									}
								  }
								},
								{
								  "if_true": {
									"type": "minecraft:matching_blocks",
									"blocks": [ 
										"minecraft:oak_wood"
									],
									"offset": [
									  0,
									  2,
									  2
									]
								  },
								  "then": {
									"type": "minecraft:simple_state_provider",
									"state": {
									  "Name": "minecraft:azalea_leaves",
									  "Properties": {
										"distance": "7",
										"persistent": "true",
										"waterlogged": "false"
									  }
									}
								  }
								},
								{
								  "if_true": {
									"type": "minecraft:matching_blocks",
									"blocks": [ 
										"minecraft:oak_wood"
									],
									"offset": [
									  0,
									  2,
									  -2
									]
								  },
								  "then": {
									"type": "minecraft:simple_state_provider",
									"state": {
									  "Name": "minecraft:azalea_leaves",
									  "Properties": {
										"distance": "7",
										"persistent": "true",
										"waterlogged": "false"
									  }
									}
								  }
								}
							  ]
							},
							"target": {
							  "type": "minecraft:matching_blocks",
							  "blocks": [
								"minecraft:air"
							  ]
							}
						  }
						},
						  "placement": [
						  ]
						},
						"tries": 32,
						"xz_spread": 3,
						"y_spread": 10
					  }
					},
					"placement": [
						{
						  "type": "minecraft:random_offset",
						  "xz_spread": 0,
						  "y_spread": 10
						}
					]
				  }
				]
			  }

			},
			"placement": [
				{
				  "type": "minecraft:count",
				  "count": 3
				}
			]
    },
    "tries": 1,
    "xz_spread": 0,
    "y_spread": 0
  }
}