{
  "type": "minecraft:random_patch",
  "config": {
    "feature": {
			"feature": {
			  "type": "minecraft:tree",
			  "config": {
				"decorators": [
				  {
					"type": "minecraft:trunk_vine"
				  }
				],
				"dirt_provider": {
				  "type": "minecraft:simple_state_provider",
				  "state": {
					"Name": "minecraft:dirt"
				  }
				},
				"foliage_placer": {
				  "type": "minecraft:cherry_foliage_placer",
				  "corner_hole_chance": 1.0,
				  "hanging_leaves_chance": 0.0,
				  "hanging_leaves_extension_chance": 0.0,
				  "height": 5,
				  "offset": 0,
				  "radius": 2,
				  "wide_bottom_layer_hole_chance": 0.25
				},
				"foliage_provider": {
				  "type": "minecraft:simple_state_provider",
				  "state": {
					"Name": "minecraft:mangrove_leaves",
					"Properties": {
					  "distance": "7",
					  "persistent": "false",
					  "waterlogged": "false"
					}
				  }
				},
				"force_dirt": false,
				"ignore_vines": false,
				"minimum_size": {
				  "type": "minecraft:two_layers_feature_size",
				  "limit": 1,
				  "lower_size": 0,
				  "min_clipped_height": 0,
				  "upper_size": 0
				},
				"trunk_placer": {
				  "type": "minecraft:forking_trunk_placer",
				  "base_height": 9,
				  "height_rand_a": 10,
				  "height_rand_b": 4
				},
				"trunk_provider": {
				  "type": "minecraft:simple_state_provider",
				  "state": {
					"Name": "minecraft:oak_log",
					"Properties": {
					  "axis": "y"
					}
				  }
				}
			  }
			},
			"placement": [
				{
				  "type": "minecraft:count",
				  "count": 4
				}
			]
    },
    "tries": 1,
    "xz_spread": 0,
    "y_spread": 0
  }
}