{
  "type": "minecraft:tree",
  "config": {
    "decorators": [
      {
        "type": "minecraft:leave_vine",
        "probability": 0.25
      },
      {
        "type": "minecraft:attached_to_leaves",
        "block_provider": {
		"type": "minecraft:simple_state_provider",
			"state": {
			"Name": "minecraft:mangrove_leaves"
			}
		},
        "directions": [
          "down"
        ],
        "exclusion_radius_xz": 1,
        "exclusion_radius_y": 0,
        "probability": 0.7,
        "required_empty_blocks": 1
      }
    ],
    "dirt_provider": {
      "type": "minecraft:simple_state_provider",
      "state": {
        "Name": "minecraft:dirt"
      }
    },
    "foliage_placer": {
      "type": "minecraft:cherry_foliage_placer",
      "corner_hole_chance": 0.5,
      "hanging_leaves_chance": 0.6,
      "hanging_leaves_extension_chance": 0.5,
      "height": 5,
      "offset": 0,
      "radius": 3,
      "wide_bottom_layer_hole_chance": 0.25
    },
    "foliage_provider": {
      "type": "minecraft:simple_state_provider",
      "state": {
        "Name": "minecraft:mangrove_leaves",
        "Properties": {
          "distance": "7",
          "persistent": "false",
          "waterlogged": "false"
        }
      }
    },
    "force_dirt": false,
    "ignore_vines": false,
    "minimum_size": {
      "type": "minecraft:two_layers_feature_size",
      "limit": 1,
      "lower_size": 0,
      "upper_size": 1
    },
    "trunk_placer": {
      "type": "minecraft:fancy_trunk_placer",
      "base_height": 8,
      "height_rand_a": 9,
      "height_rand_b": 0
    },
    "trunk_provider": {
      "type": "minecraft:simple_state_provider",
      "state": {
        "Name": "minecraft:dark_oak_log",
        "Properties": {
          "axis": "y"
        }
      }
    }
  }
}