{
  "type": "minecraft:tree",
  "config": {
    "decorators": [
	  {
		"type": "minecraft:alter_ground",
		"provider": {
		  "type": "minecraft:weighted_state_provider",
		  "entries": [
			{
			  "data": {
				"Name": "minecraft:rooted_dirt"
			  },
			  "weight": 4
			},
			{
			  "data": {
				"Name": "minecraft:coarse_dirt"
			  },
			  "weight": 4
			},
			{
			  "data": {
				"Name": "minecraft:grass_block"
			  },
			  "weight": 4
			}
		  ]
		}
	  }
	],
    "dirt_provider": {
      "type": "minecraft:simple_state_provider",
      "state": {
        "Name": "minecraft:dirt"
      }
    },
    "foliage_placer": {
      "type": "minecraft:fancy_foliage_placer",
      "height": 4,
      "offset": 0,
      "radius": 2
    },
    "foliage_provider": {
      "type": "minecraft:weighted_state_provider",
      "entries": [
        {
          "data": {
            "Name": "minecraft:mangrove_leaves",
            "Properties": {
              "distance": "7",
              "persistent": "false",
              "waterlogged": "false"
            }
          },
          "weight": 3
        },
        {
          "data": {
            "Name": "minecraft:air"
          },
          "weight": 1
        }
      ]
    },
    "force_dirt": false,
    "ignore_vines": true,
    "minimum_size": {
      "type": "minecraft:two_layers_feature_size",
      "limit": 1,
      "lower_size": 0,
      "upper_size": 2
    },
    "trunk_placer": {
      "type": "minecraft:forking_trunk_placer",
      "base_height": 0,
      "height_rand_a": 2,
      "height_rand_b": 2
    },
    "trunk_provider": {
      "type": "minecraft:simple_state_provider",
      "state": {
        "Name": "minecraft:cherry_wood",
        "Properties": {
          "axis": "y"
        }
      }
    }
  }
}