{
  "type": "minecraft:random_patch",
  "config": {
    "feature": {
      "feature": {
		  "type": "minecraft:random_patch",
		  "config": {
			"feature": {
			  "feature": {
				  "type": "minecraft:random_patch",
				  "config": {
					"feature": {
					  "feature": {
						  "type": "minecraft:bamboo",
						  "config": {
							"probability": 0.2
						  }
					  },
					  "placement": [
						{
						  "type": "minecraft:block_predicate_filter",
						  "predicate": {
							"type": "minecraft:all_of",
							"predicates": [
							  {
								"type": "minecraft:matching_blocks",
								"blocks": "minecraft:air"
							  },
							  {
								"type": "minecraft:matching_blocks",
								"blocks": [
								  "minecraft:grass_block",
								  "minecraft:podzol",
								  "minecraft:moss_block"
								],
								"offset": [
								  0,
								  -1,
								  0
								]
							  }
							]
						  }
						}
					  ]
					},
					"tries": 32,
					"xz_spread": 2,
					"y_spread": 3
				  }
			  },
			  "placement": [
			  ]
			},
			"tries": 32,
			"xz_spread": 4,
			"y_spread": 3
		  }
      },
      "placement": [
      ]
    },
    "tries": 2,
    "xz_spread": 5,
    "y_spread": 3
  }
}