{
  "type": "minecraft:random_patch",
  "config": {
    "feature": {
      "feature": {
        "type": "minecraft:simple_block",
        "config": {
          "to_place": {
            "type": "minecraft:weighted_state_provider",
            "entries": [
              {
                "data": {
                  "Name": "minecraft:short_grass"
                },
                "weight": 0
              },
              {
                "data": {
                  "Name": "minecraft:brown_mushroom"
                },
                "weight": 1
              }
            ]
          }
        }
      },
      "placement": [
		{
		  "type": "minecraft:environment_scan",
		  "allowed_search_condition": {
			"type": "minecraft:matching_blocks",
			"blocks": "minecraft:air"
		  },
		  "direction_of_search": "down",
		  "max_steps": 12,
		  "target_condition": {
				"type": "minecraft:matching_blocks",
				"blocks": [
					"minecraft:mycelium",
					"minecraft:dirt",
					"minecraft:rooted_dirt",
					"minecraft:coarse_dirt"
				],
				"offset": [
				  0,
				  -1,
				  0
				]
		  }
		},
        {
          "type": "minecraft:block_predicate_filter",
          "predicate": {
            "type": "minecraft:all_of",
            "predicates": [
              {
                "type": "minecraft:matching_blocks",
                "blocks": "minecraft:air"
              }
            ]
          }
        }
      ]
    },
    "tries": 32,
    "xz_spread": 5,
    "y_spread": 3
  }
}