{
  "type": "minecraft:random_patch",
  "config": {
    "feature": {
      "feature": {
		  "type": "minecraft:random_patch",
		  "config": {
			"feature": {
			  "feature": {
				"type": "minecraft:simple_block",
				"config": {
				  "to_place": {
					"type": "minecraft:simple_state_provider",
					"state": {
					  "Name": "minecraft:bush"
					}
				  }
				}
			  },
			  "placement": [
				{
				  "type": "minecraft:block_predicate_filter",
				  "predicate": {
					"type": "minecraft:all_of",
					"predicates": [
					  {
						"type": "minecraft:matching_blocks",
						"blocks": "minecraft:air"
					  },
					  {
						"type": "minecraft:matching_blocks",
						"blocks": [
						  "minecraft:grass_block",
						  "minecraft:moss_block"
						],
						"offset": [
						  0,
						  -1,
						  0
						]
					  }
					]
				  }
				}
			  ]
			},
			"tries": 20,
			"xz_spread": 2,
			"y_spread": 3
		  }
      },
      "placement": [
      ]
    },
    "tries": 6,
    "xz_spread": 15,
    "y_spread": 3
  }
}