{
  "type": "minecraft:random_patch",
  "config": {
    "feature": {
      "feature": {
        "type": "minecraft:block_column",
        "config": {
          "allowed_placement": {
            "type": "minecraft:matching_blocks",
            "blocks": "minecraft:air"
          },
          "direction": "up",
          "layers": [
            {
              "height": {
                "type": "minecraft:biased_to_bottom",
                "max_inclusive": 2,
                "min_inclusive": 1
              },
              "provider": {
                "type": "minecraft:simple_state_provider",
                "state": {
                  "Name": "minecraft:cactus",
                  "Properties": {
                    "age": "0"
                  }
                }
              }
            },
            {
              "height": {
                "type": "minecraft:weighted_list",
                "distribution": [
                  {
                    "data": 0,
                    "weight": 7
                  },
                  {
                    "data": 1,
                    "weight": 1
                  }
                ]
              },
              "provider": {
                "type": "minecraft:simple_state_provider",
                "state": {
                  "Name": "minecraft:cactus_flower"
                }
              }
            }
          ],
          "prioritize_tip": false
        }
      },
      "placement": [
        {
          "type": "minecraft:block_predicate_filter",
          "predicate": {
            "type": "minecraft:all_of",
            "predicates": [
              {
                "type": "minecraft:matching_blocks",
                "blocks": "minecraft:air"
              },
              {
                "type": "minecraft:would_survive",
                "state": {
                  "Name": "minecraft:cactus",
                  "Properties": {
                    "age": "0"
                  }
                }
              }
            ]
          }
        }
      ]
    },
    "tries": 25,
    "xz_spread": 5,
    "y_spread": 3
  }
}