{
		  "type": "minecraft:random_patch",
		  "config": {
			"feature": {
			  "feature": {
				  "type": "minecraft:simple_block",
				  "config": {
					"to_place": {
					  "type": "minecraft:weighted_state_provider",
					  "entries": [
						{
						  "data": {
							"Name": "minecraft:small_dripleaf",
							"Properties": {
							  "facing": "east",
							  "half": "lower",
							  "waterlogged": "false"
							}
						  },
						  "weight": 1
						},
						{
						  "data": {
							"Name": "minecraft:small_dripleaf",
							"Properties": {
							  "facing": "west",
							  "half": "lower",
							  "waterlogged": "false"
							}
						  },
						  "weight": 1
						},
						{
						  "data": {
							"Name": "minecraft:small_dripleaf",
							"Properties": {
							  "facing": "north",
							  "half": "lower",
							  "waterlogged": "false"
							}
						  },
						  "weight": 1
						},
						{
						  "data": {
							"Name": "minecraft:small_dripleaf",
							"Properties": {
							  "facing": "south",
							  "half": "lower",
							  "waterlogged": "false"
							}
						  },
						  "weight": 1
						}
					  ]
					}
				  }
			  },
			  "placement": [
				{
				  "type": "minecraft:block_predicate_filter",
				  "predicate": {
					"type": "minecraft:all_of",
					"predicates": [
					  {
						"type": "minecraft:matching_blocks",
						"blocks": [
						  "minecraft:air",
						  "minecraft:water"
						]
					  },
					  {
						"type": "minecraft:matching_blocks",
						"blocks": [
						  "minecraft:moss_block",
						  "minecraft:mud",
						  "minecraft:dirt"
						],
						"offset": [
						  0,
						  -1,
						  0
						]
					  }
					]
				  }
				}
			  ]
			},
			"tries": 32,
			"xz_spread": 3,
			"y_spread": 3
		  }
}