{
  "type": "minecraft:random_patch",
  "config": {
    "feature": {
      "feature": {
		  "type": "minecraft:random_patch",
		  "config": {
			"feature": {
			  "feature": {
				  "type": "minecraft:random_patch",
				  "config": {
					"feature": {
					  "feature": {
						"type": "minecraft:simple_block",
						"config": {
						  "to_place": {
							"type": "minecraft:weighted_state_provider",
							"entries": [
							  {
								"data": {
								  "Name": "minecraft:tall_dry_grass"
								},
								"weight": 5
							  },
							  {
								"data": {
								  "Name": "minecraft:short_dry_grass"
								},
								"weight": 6
							  }
							]
						  }
						}
					  },
					  "placement": [
						{
						  "type": "minecraft:block_predicate_filter",
						  "predicate": {
							"type": "minecraft:all_of",
							"predicates": [
							  {
								"type": "minecraft:matching_blocks",
								"blocks": "minecraft:air"
							  },
							  {
								"type": "minecraft:matching_blocks",
								"blocks": [
								  "minecraft:coarse_dirt",
								  "minecraft:grass_block",
								  "minecraft:sand",
								  "minecraft:packed_mud"
								],
								"offset": [
								  0,
								  -1,
								  0
								]
							  }
							]
						  }
						}
					  ]
					},
					"tries": 60,
					"xz_spread": 2,
					"y_spread": 3
				  }
			  },
			  "placement": [
			  ]
			},
			"tries": 4,
			"xz_spread": 20,
			"y_spread": 3
		  }
      },
      "placement": [
						{
						  "type": "minecraft:block_predicate_filter",
						  "predicate": {
							"type": "minecraft:all_of",
							"predicates": [
							  {
								"type": "minecraft:matching_blocks",
								"blocks": [
								  "minecraft:coarse_dirt",
								  "minecraft:grass_block",
								  "minecraft:packed_mud"
								],
								"offset": [
								  0,
								  -1,
								  0
								]
							  }
							]
						  }
						}
      ]
    },
    "tries": 1,
    "xz_spread": 1,
    "y_spread": 0
  }
}