{
  "type": "minecraft:random_patch",
  "config": {
    "feature": {
      "feature": {
        "type": "minecraft:simple_block",
        "config": {
          "to_place": {
            "type": "minecraft:weighted_state_provider",
            "entries": [
              {
                "data": {
                  "Name": "minecraft:short_grass"
                },
                "weight": 6
              },
              {
                "data": {
				  "Name": "minecraft:oak_leaves",
				  "Properties": {
					"persistent": "true"
				  }
                },
                "weight": 2
              },
              {
                "data": {
				  "Name": "minecraft:tall_grass",
				  "Properties": {
					"half": "lower"
				  }
                },
                "weight": 1
              }
            ]
          }
        }
      },
      "placement": [
        {
          "type": "minecraft:block_predicate_filter",
          "predicate": {
            "type": "minecraft:all_of",
            "predicates": [
              {
                "type": "minecraft:matching_blocks",
                "blocks": "minecraft:air"
              },
              {
                "type": "minecraft:matching_blocks",
                "blocks": [
                  "minecraft:coarse_dirt",
                  "minecraft:packed_mud"
                ],
                "offset": [
                  0,
                  -1,
                  0
                ]
              }
            ]
          }
        }
      ]
    },
    "tries": 20,
    "xz_spread": 5,
    "y_spread": 3
  }
}