{
  "type": "minecraft:random_patch",
  "config": {
    "feature": {
	  "feature": {
		  "type": "minecraft:block_column",
		  "config": {
			"allowed_placement": {
			  "type": "minecraft:matching_blocks",
			  "blocks": "minecraft:air"
			},
			"direction": "down",
			"layers": [
			  {
				"height": 1,
				"provider": {
				  "type": "minecraft:simple_state_provider",
				  "state": {
					"Name": "minecraft:glow_lichen",
					"Properties": {
					  "east": "true",
					  "west": "true",
					  "up": "true",
					  "north": "true",
					  "south": "true"
					}
				  }
				}
			  },
			  {
				"height": {
				  "type": "minecraft:weighted_list",
				  "distribution": [
					{
					  "data": {
						"type": "minecraft:uniform",
						"max_inclusive": 12,
						"min_inclusive": 0
					  },
					  "weight": 2
					},
					{
					  "data": {
						"type": "minecraft:uniform",
						"max_inclusive": 15,
						"min_inclusive": 0
					  },
					  "weight": 1
					},
					{
					  "data": {
						"type": "minecraft:uniform",
						"max_inclusive": 7,
						"min_inclusive": 0
					  },
					  "weight": 5
					},
					{
					  "data": {
						"type": "minecraft:uniform",
						"max_inclusive": 2,
						"min_inclusive": 0
					  },
					  "weight": 10
					},
					{
					  "data": {
						"type": "minecraft:uniform",
						"max_inclusive": 5,
						"min_inclusive": 0
					  },
					  "weight": 10
					}
				  ]
				},
				"provider": {
				  "type": "minecraft:simple_state_provider",
				  "state": {
					"Name": "minecraft:glow_lichen",
					"Properties": {
					  "east": "true",
					  "west": "true",
					  "north": "true",
					  "south": "true"
					}
				  }
				}
			  }
			],
			"prioritize_tip": false
		  }
	    },
		"placement": [
			{
			  "type": "minecraft:environment_scan",
			  "allowed_search_condition": {
				"type": "minecraft:matching_blocks",
				"blocks": "minecraft:air"
			  },
			  "direction_of_search": "up",
			  "max_steps": 12,
			  "target_condition": {
				"type": "minecraft:has_sturdy_face",
				"direction": "down"
			  }
			},
			{
			  "type": "minecraft:random_offset",
			  "xz_spread": 0,
			  "y_spread": -1
			}
		]
    },
    "tries": 50,
    "xz_spread": 3,
    "y_spread": 5
  }
}