{
  "type": "minecraft:random_patch",
  "config": {
    "feature": {
	  "feature": {
		  "type": "minecraft:block_column",
		  "config": {
			"allowed_placement": {
			  "type": "minecraft:matching_blocks",
			  "blocks": "minecraft:water"
			},
			"direction": "up",
			"layers": [
			  {
				"height": {
				  "type": "minecraft:weighted_list",
				  "distribution": [
					{
					  "data": {
						"type": "minecraft:uniform",
						"max_inclusive": 19,
						"min_inclusive": 0
					  },
					  "weight": 2
					},
					{
					  "data": {
						"type": "minecraft:uniform",
						"max_inclusive": 15,
						"min_inclusive": 0
					  },
					  "weight": 3
					},
					{
					  "data": {
						"type": "minecraft:uniform",
						"max_inclusive": 10,
						"min_inclusive": 0
					  },
					  "weight": 10
					}
				  ]
				},
				"provider": {
				  "type": "minecraft:weighted_state_provider",
				  "entries": [
					{
					  "data": {
						"Name": "minecraft:kelp_plant"
					  },
					  "weight": 4
					},
					{
					  "data": {
						"Name": "minecraft:cave_vines_plant",
						"Properties": {
						  "berries": "true"
						}
					  },
					  "weight": 0
					}
				  ]
				}
			  },
			  {
				"height": 1,
				"provider": {
				  "type": "minecraft:randomized_int_state_provider",
				  "property": "age",
				  "source": {
					"type": "minecraft:weighted_state_provider",
					"entries": [
					  {
						"data": {
							"Name": "minecraft:kelp",
							"Properties": {
							  "age": "25"
							}
						},
						"weight": 70
					  },
					  {
						"data": {
						  "Name": "minecraft:soul_lantern",
						  "Properties": {
							"hanging": "true"
						  }
						},
						"weight": 0
					  }
					]
				  },
				  "values": {
					"type": "minecraft:uniform",
					"max_inclusive": 25,
					"min_inclusive": 23
				  }
				}
			  }
			],
			"prioritize_tip": true
		  }
	    },
		"placement": [
			{
			  "type": "minecraft:environment_scan",
			  "allowed_search_condition": {
				"type": "minecraft:matching_blocks",
				"blocks": "minecraft:water"
			  },
			  "direction_of_search": "down",
			  "max_steps": 12,
			  "target_condition": {
					"type": "minecraft:matching_blocks",
					"blocks": [
						"minecraft:gravel"
					],
					"offset": [
					  0,
					  0,
					  0
					]
			  }
			},
			{
			  "type": "minecraft:random_offset",
			  "xz_spread": 0,
			  "y_spread": 1
			},
			{
			  "type": "minecraft:block_predicate_filter",
			  "predicate": {
				"type": "minecraft:all_of",
				"predicates": [
				  {
					"type": "minecraft:matching_blocks",
					"blocks": [
					  "minecraft:water"
					],
					"offset": [
					  0,
					  13,
					  0
					]
				  }
				]
			  }
			}
		]
    },
    "tries": 10,
    "xz_spread": 5,
    "y_spread": 5
  }
}