{
  "type": "minecraft:random_patch",
  "config": {
    "feature": {
      "feature": {
        "type": "minecraft:simple_block",
        "config": {
          "to_place": {
            "type": "minecraft:weighted_state_provider",
            "entries": [
              {
                "data": {
                  "Name": "minecraft:sea_pickle",
				  "Properties": {
					"waterlogged": "true",
					"pickles": "1"
				  }
                },
                "weight": 1
              },
              {
                "data": {
                  "Name": "minecraft:sea_pickle",
				  "Properties": {
					"waterlogged": "true",
					"pickles": "2"
				  }
                },
                "weight": 1
              },
              {
                "data": {
                  "Name": "minecraft:sea_pickle",
				  "Properties": {
					"waterlogged": "true",
					"pickles": "3"
				  }
                },
                "weight": 1
              },
              {
                "data": {
                  "Name": "minecraft:sea_pickle",
				  "Properties": {
					"waterlogged": "true",
					"pickles": "4"
				  }
                },
                "weight": 1
              }
            ]
          }
        }
      },
      "placement": [
        {
          "type": "minecraft:block_predicate_filter",
          "predicate": {
            "type": "minecraft:all_of",
            "predicates": [
              {
                "type": "minecraft:matching_blocks",
                "blocks": "minecraft:water"
              },
              {
                "type": "minecraft:matching_blocks",
                "blocks": [
                  "minecraft:sand",
				  "minecraft:dead_tube_coral_block",
				  "minecraft:dead_brain_coral_block",
				  "minecraft:dead_horn_coral_block",
				  "minecraft:dead_bubble_coral_block",
				  "minecraft:dead_fire_coral_block",
				  "minecraft:tube_coral_block",
				  "minecraft:brain_coral_block",
				  "minecraft:horn_coral_block",
				  "minecraft:bubble_coral_block",
				  "minecraft:fire_coral_block"
                ],
                "offset": [
                  0,
                  -1,
                  0
                ]
              }
            ]
          }
        }
      ]
    },
    "tries": 2,
    "xz_spread": 3,
    "y_spread": 3
  }
}