{
  "type": "minecraft:random_patch",
  "config": {
    "feature": {
      "feature": {
		  "type": "minecraft:simple_random_selector",
		  "config": {
			"features": [
			  {
				"feature": {
				  "type": "minecraft:random_patch",
				  "config": {
					"feature": {
					  "feature": {
						  "type": "minecraft:disk",
						  "config": {
							"half_height": 2,
							"radius": {
							  "type": "minecraft:uniform",
							  "max_inclusive": 2,
							  "min_inclusive": 1
							},
							"state_provider": {
							  "fallback": {
								"type": "minecraft:simple_state_provider",
								"state": {
								  "Name": "minecraft:moss_block"
								}
							  },
							  "rules": [
								{
								  "if_true": {
									"type": "minecraft:matching_blocks",
									"blocks": "minecraft:air",
									"offset": [
									  0,
									  -1,
									  0
									]
								  },
								  "then": {
									"type": "minecraft:simple_state_provider",
									"state": {
									  "Name": "minecraft:sandstone"
									}
								  }
								}
							  ]
							},
							"target": {
							  "type": "minecraft:matching_blocks",
							  "blocks": [
								"minecraft:dirt",
								"minecraft:gravel",
								"minecraft:sand",
								"minecraft:mud"
							  ]
							}
						  }
						},
						"placement": []
					},
					"tries": 3,
					"xz_spread": 4,
					"y_spread": 3
				  }
				},
				"placement": [
					{
					  "type": "minecraft:noise_based_count",
					  "noise_to_count_ratio": 1,
					  "noise_factor": 50,
					  "noise_offset": 0.1
					}
				]
			  },
			  {
				"feature": {
				  "type": "minecraft:seagrass",
				  "config": {
					"probability": 0.2
				  }
				},
				"placement": []
			  },
			  {
				"feature": {
				  "type": "minecraft:seagrass",
				  "config": {
					"probability": 0.0
				  }
				},
				"placement": []
			  },
			  {
				"feature": {
				  "type": "minecraft:seagrass",
				  "config": {
					"probability": 0.0
				  }
				},
				"placement": []
			  }
			]
		  }
      },
      "placement": [
		{
		  "type": "minecraft:environment_scan",
		  "allowed_search_condition": {
			"type": "minecraft:matching_blocks",
			"blocks": "minecraft:water"
		  },
		  "direction_of_search": "down",
		  "max_steps": 12,
		  "target_condition": {
				"type": "minecraft:matching_blocks",
				"blocks": [
                  "minecraft:coarse_dirt",
                  "minecraft:sand",
                  "minecraft:sandstone",
				  "minecraft:packed_mud",
				  "minecraft:mud",
                  "minecraft:dirt",
                  "minecraft:gravel",
                  "minecraft:podzol",
                  "minecraft:moss_block",
                      "minecraft:stone",
                      "minecraft:andesite",
                      "minecraft:deepslate",
                      "minecraft:granite",
                      "minecraft:diorite",
                      "minecraft:terracotta",
                      "minecraft:cyan_terracotta",
                      "minecraft:white_terracotta",
                      "minecraft:light_gray_terracotta",
                      "minecraft:gray_terracotta",
                      "minecraft:black_terracotta",
                      "minecraft:brown_terracotta",
                      "minecraft:red_terracotta",
                      "minecraft:orange_terracotta",
                      "minecraft:yellow_terracotta",
                      "minecraft:tuff",
                      "minecraft:calcite",
                      "minecraft:deepslate",
                      "minecraft:basalt",
                      "minecraft:smooth_basalt",
                      "minecraft:blackstone",
                      "minecraft:sandstone",
                      "minecraft:red_sandstone",
                      "minecraft:smooth_sandstone",
                      "minecraft:smooth_red_sandstone"
				],
				"offset": [
				  0,
				  0,
				  0
				]
		  }
		},
		{
		  "type": "minecraft:random_offset",
		  "xz_spread": 0,
		  "y_spread": 1
        }
      ]
    },
    "tries": 32,
    "xz_spread": 4,
    "y_spread": 3
  }
}