{
  "type": "minecraft:random_patch",
  "config": {
    "feature": {
      "feature": {
		  "type": "minecraft:seagrass",
		  "config": {
			"probability": 0.025
		  }
      },
      "placement": [
		{
		  "type": "minecraft:environment_scan",
		  "allowed_search_condition": {
			"type": "minecraft:matching_blocks",
			"blocks": "minecraft:water"
		  },
		  "direction_of_search": "down",
		  "max_steps": 12,
		  "target_condition": {
				"type": "minecraft:matching_blocks",
				"blocks": [
                  "minecraft:coarse_dirt",
                  "minecraft:sand",
                  "minecraft:sandstone",
				  "minecraft:packed_mud",
				  "minecraft:mud",
                  "minecraft:dirt",
                  "minecraft:gravel",
                  "minecraft:podzol",
                  "minecraft:moss_block",
                      "minecraft:stone",
                      "minecraft:andesite",
                      "minecraft:deepslate",
                      "minecraft:granite",
                      "minecraft:diorite",
                      "minecraft:terracotta",
                      "minecraft:cyan_terracotta",
                      "minecraft:white_terracotta",
                      "minecraft:light_gray_terracotta",
                      "minecraft:gray_terracotta",
                      "minecraft:black_terracotta",
                      "minecraft:brown_terracotta",
                      "minecraft:red_terracotta",
                      "minecraft:orange_terracotta",
                      "minecraft:yellow_terracotta",
                      "minecraft:tuff",
                      "minecraft:calcite",
                      "minecraft:deepslate",
                      "minecraft:basalt",
                      "minecraft:smooth_basalt",
                      "minecraft:blackstone",
                      "minecraft:sandstone",
                      "minecraft:red_sandstone",
                      "minecraft:smooth_sandstone",
                      "minecraft:smooth_red_sandstone"
				],
				"offset": [
				  0,
				  0,
				  0
				]
		  }
		},
		{
		  "type": "minecraft:random_offset",
		  "xz_spread": 0,
		  "y_spread": 1
        }
      ]
    },
    "tries": 32,
    "xz_spread": 4,
    "y_spread": 3
  }
}