{
  "type": "minecraft:random_patch",
  "config": {
    "feature": {
      "feature": {
        "type": "minecraft:simple_block",
        "config": {
          "to_place": {
					"type": "minecraft:weighted_state_provider",
					"entries": [
					  {
						"data": {
						  "Name": "minecraft:wildflowers",
						  "Properties": {
							"facing": "north",
							"flower_amount": "1"
						  }
						},
						"weight": 1
					  },
					  {
						"data": {
						  "Name": "minecraft:wildflowers",
						  "Properties": {
							"facing": "east",
							"flower_amount": "1"
						  }
						},
						"weight": 1
					  },
					  {
						"data": {
						  "Name": "minecraft:wildflowers",
						  "Properties": {
							"facing": "south",
							"flower_amount": "1"
						  }
						},
						"weight": 1
					  },
					  {
						"data": {
						  "Name": "minecraft:wildflowers",
						  "Properties": {
							"facing": "west",
							"flower_amount": "1"
						  }
						},
						"weight": 1
					  },
					  {
						"data": {
						  "Name": "minecraft:wildflowers",
						  "Properties": {
							"facing": "north",
							"flower_amount": "2"
						  }
						},
						"weight": 1
					  },
					  {
						"data": {
						  "Name": "minecraft:wildflowers",
						  "Properties": {
							"facing": "east",
							"flower_amount": "2"
						  }
						},
						"weight": 1
					  },
					  {
						"data": {
						  "Name": "minecraft:wildflowers",
						  "Properties": {
							"facing": "south",
							"flower_amount": "2"
						  }
						},
						"weight": 1
					  },
					  {
						"data": {
						  "Name": "minecraft:wildflowers",
						  "Properties": {
							"facing": "west",
							"flower_amount": "2"
						  }
						},
						"weight": 1
					  },
					  {
						"data": {
						  "Name": "minecraft:wildflowers",
						  "Properties": {
							"facing": "north",
							"flower_amount": "3"
						  }
						},
						"weight": 1
					  },
					  {
						"data": {
						  "Name": "minecraft:wildflowers",
						  "Properties": {
							"facing": "east",
							"flower_amount": "3"
						  }
						},
						"weight": 1
					  },
					  {
						"data": {
						  "Name": "minecraft:wildflowers",
						  "Properties": {
							"facing": "south",
							"flower_amount": "3"
						  }
						},
						"weight": 1
					  },
					  {
						"data": {
						  "Name": "minecraft:wildflowers",
						  "Properties": {
							"facing": "west",
							"flower_amount": "3"
						  }
						},
						"weight": 1
					  },
					  {
						"data": {
						  "Name": "minecraft:wildflowers",
						  "Properties": {
							"facing": "north",
							"flower_amount": "4"
						  }
						},
						"weight": 1
					  },
					  {
						"data": {
						  "Name": "minecraft:wildflowers",
						  "Properties": {
							"facing": "east",
							"flower_amount": "4"
						  }
						},
						"weight": 1
					  },
					  {
						"data": {
						  "Name": "minecraft:wildflowers",
						  "Properties": {
							"facing": "south",
							"flower_amount": "4"
						  }
						},
						"weight": 1
					  },
					  {
						"data": {
						  "Name": "minecraft:wildflowers",
						  "Properties": {
							"facing": "west",
							"flower_amount": "4"
						  }
						},
						"weight": 1
					  }
					]
          }
        }
      },
      "placement": [
        {
          "type": "minecraft:block_predicate_filter",
          "predicate": {
            "type": "minecraft:all_of",
            "predicates": [
              {
                "type": "minecraft:matching_blocks",
                "blocks": "minecraft:air"
              },
              {
                "type": "minecraft:matching_blocks",
                "blocks": [
                  "minecraft:grass_block",
                  "minecraft:coarse_dirt"
                ],
                "offset": [
                  0,
                  -1,
                  0
                ]
              }
            ]
          }
        }
      ]
    },
    "tries": 70,
    "xz_spread": 4,
    "y_spread": 3
  }
}