
{
  "type": "cache_once",
  "argument": {
    "type": "min",
    "argument1": {
      "type": "min",
      "argument1": {
        "type": "min",
        "argument1": "lithosphere:caves/underground_rivers", 
        "argument2": {
          "type": "mul",
          "argument1": "lithosphere:caves/claustrophobic_caves", 
          "argument2": 7.2 
        }
      },
      "argument2": {
        "type": "mul",
        "argument1": {
          "type": "add",
          "argument1": "lithosphere:caves/connecting_caves", 
          "argument2": 0 
        },
        "argument2": 7.2 
      }
    },
    "argument2": {
      "type": "min",
      "argument1": {
        "type": "mul",
        "argument1": {
          "type": "add",
          "argument1": "lithosphere:caves/cavern", 
          "argument2": 0 
        },
        "argument2": 7.2 
      },
      "argument2": {
        "type": "mul",
        "argument1": 7.2, 
        "argument2": {
          "type": "add",
          "argument1": 0, 
          "argument2": "lithosphere:caves/tunnel_caves" 
        }
      }
    }
  }
}