
{
  "type": "cache_once",
  "argument": {
    "type": "add",
    "argument1": {
      "type": "minecraft:spline",
      "spline": {
        "coordinate": {
          "type": "add",
          "argument1": {
            "type": "add",
            "argument1": {
              "type": "abs",
              "argument": {
                "type": "noise",
                "noise": "minecraft:noodle",
                "xz_scale": 2.5000000000000058,
                "y_scale": 10
              }
            },
            "argument2": -0.05 
          },
          "argument2": {
            "type": "add",
            "argument1": {
              "type": "abs",
              "argument": {
                "type": "noise",
                "noise": "lithosphere:orogeny",
                "xz_scale": 4,
                "y_scale": 12.999999999999961
              }
            },
            "argument2": -0.11 
          }
        },
        "points": [
          {
            "location": -0.12560681753264896,
            "value": -0.32159928514080927,
            "derivative": 2.0
          },
          {
            "location": 0.004672332770105259,
            "value": -0.004264303516718693,
            "derivative": 1
          }
        ]
      }
    },
    "argument2": {
      "type": "mul",
      "argument1": {
        "type": "clamp",
        "min": -9.71445146547012e-16,
        "max": 4.000000000000002,
        "input": {
          "type": "noise",
          "noise": "minecraft:pillar",
          "xz_scale": 12.999999999999963,
          "y_scale": 0.49999999999999867
        }
      },
      "argument2": 0.3 
    }
  }
}