
{
  "type": "cache_once",
  "argument": {
    "type": "clamp",
    "min": -5,
    "max": 5,
    "input": {
      "type": "mul",
      "argument1": 3.0, 
      "argument2": {
        "type": "add",
        "argument1": {
          "type": "mul",
          "argument1": 6, 
          "argument2": {
            "type": "abs",
            "argument": {
              "type": "noise",
              "noise": "minecraft:erosion",
              "xz_scale": 1.5,
              "y_scale": 0
            }
          }
        },
        "argument2": {
          "type": "add",
          "argument1": {
            "type": "y_clamped_gradient",
            "from_y": 17,
            "to_y": 62.0,
            "from_value": -0.3,
            "to_value": 1
          },
          "argument2": {
            "type": "y_clamped_gradient",
            "from_y": -22,
            "to_y": 17,
            "from_value": 1,
            "to_value": -0.25
          }
        }
      }
    }
  }
}