{
  "type": "minecraft:random_patch",
  "config": {
    "feature": {
	  "feature": {
		  "type": "minecraft:tree",
		  "config": {
			"decorators": [],
			"dirt_provider": {
			  "type": "minecraft:simple_state_provider",
			  "state": {
				"Name": "minecraft:gravel"
			  }
			},
			"foliage_placer": {
			  "type": "minecraft:fancy_foliage_placer",
			  "height": 3,
			  "offset": 0,
			  "radius": {
				"type": "minecraft:uniform",
				"max_inclusive": 3,
				"min_inclusive": 1
			  }
			},
			"foliage_provider": {
			  "type": "minecraft:weighted_state_provider",
			  "entries": [
				{
				  "data": {
					"Name": "minecraft:dead_brain_coral_block"
				  },
				  "weight": 6
				},
				{
				  "data": {
					"Name": "minecraft:water"
				  },
				  "weight": 1
				}
			  ]
			},
			"force_dirt": false,
			"ignore_vines": false,
			"minimum_size": {
			  "type": "minecraft:two_layers_feature_size",
			  "limit": 0,
			  "lower_size": 0,
			  "upper_size": 0
			},
			"trunk_placer": {
			  "type": "minecraft:straight_trunk_placer",
			  "base_height": 1,
			  "height_rand_a": 1,
			  "height_rand_b": 0
			},
			"trunk_provider": {
			  "type": "minecraft:simple_state_provider",
			  "state": {
				"Name": "minecraft:dead_brain_coral_block"
			  }
			}
		  }
	    },
		"placement": [
			{
			  "type": "minecraft:environment_scan",
			  "allowed_search_condition": {
				"type": "minecraft:matching_blocks",
				"blocks": "minecraft:water"
			  },
			  "direction_of_search": "down",
			  "max_steps": 12,
			  "target_condition": {
					"type": "minecraft:matching_blocks",
					"blocks": [
						"minecraft:gravel",
						"minecraft:sand"
					],
					"offset": [
					  0,
					  0,
					  0
					]
			  }
			},
			{
			  "type": "minecraft:random_offset",
			  "xz_spread": 0,
			  "y_spread": 1
			}
		]
    },
    "tries": 3,
    "xz_spread": 6,
    "y_spread": 5
  }
}