{
  "type": "minecraft:random_patch",
  "config": {
    "feature": {
			"feature": {
			  "type": "minecraft:tree",
			  "config": {
				"decorators": [],
				"dirt_provider": {
				  "type": "minecraft:simple_state_provider",
				  "state": {
					"Name": "minecraft:fire_coral_block"
				  }
				},
				"foliage_placer": {
				  "type": "minecraft:fancy_foliage_placer",
				  "height": 0,
				  "offset": 1,
				  "radius": 0
				},
				"foliage_provider": {
				  "type": "minecraft:simple_state_provider",
				  "state": {
					"Name": "minecraft:fire_coral"
				  }
				},
				"force_dirt": false,
				"ignore_vines": false,
				"minimum_size": {
				  "type": "minecraft:two_layers_feature_size",
				  "limit": 1,
				  "lower_size": 0,
				  "min_clipped_height": 0,
				  "upper_size": 0
				},
				"trunk_placer": {
				  "type": "minecraft:upwards_branching_trunk_placer",
				  "base_height": 0,
				  "can_grow_through": "#minecraft:mangrove_logs_can_grow_through",
				  "extra_branch_length": {
					"type": "minecraft:uniform",
					"max_inclusive": 4,
					"min_inclusive": 1
				  },
				  "extra_branch_steps": {
					"type": "minecraft:uniform",
					"max_inclusive": 4,
					"min_inclusive": 1
				  },
				  "height_rand_a": 3,
				  "height_rand_b": 2,
				  "place_branch_per_log_probability": 1.0
				},
				"trunk_provider": {
				  "type": "minecraft:simple_state_provider",
				  "state": {
					"Name": "minecraft:fire_coral_block",
					"Properties": {
					  "axis": "y"
					}
				  }
				}
			  }
			},
			"placement": [
				{
				  "type": "minecraft:count",
				  "count": 2
				},
				{
				  "type": "minecraft:environment_scan",
				  "allowed_search_condition": {
					"type": "minecraft:matching_blocks",
					"blocks": "minecraft:water"
				  },
				  "direction_of_search": "down",
				  "max_steps": 12,
				  "target_condition": {
						"type": "minecraft:matching_blocks",
						"blocks": [
							"minecraft:gravel",
							"minecraft:sand",
							"minecraft:dead_tube_coral_block",
							"minecraft:dead_brain_coral_block",
							"minecraft:dead_bubble_coral_block"
						],
						"offset": [
						  0,
						  0,
						  0
						]
				  }
				},
				{
				  "type": "minecraft:random_offset",
				  "xz_spread": 0,
				  "y_spread": 1
				}
			]
    },
    "tries": 4,
    "xz_spread": 4,
    "y_spread": 10
  }
}