{
  "type": "minecraft:random_patch",
  "config": {
    "feature": {
			"feature": {
			  "type": "minecraft:disk",
			  "config": {
				"half_height": 0,
				"radius": {
				  "type": "minecraft:uniform",
				  "max_inclusive": 2,
				  "min_inclusive": 1
				},
				"state_provider": {
				  "fallback": {
					  "type": "minecraft:weighted_state_provider",
					  "entries": [
						{
						  "data": {
							"Name": "minecraft:dead_horn_coral_block"
						  },
						  "weight": 100
						},
						{
						  "data": {
							"Name": "minecraft:water"
						  },
						  "weight": 10
						}
					  ]
				  },
				  "rules": [
					{
					  "if_true": {
						"type": "minecraft:matching_blocks",
						"blocks": "minecraft:water",
						"offset": [
						  0,
						  -1,
						  0
						]
					  },
					  "then": {
						  "type": "minecraft:weighted_state_provider",
						  "entries": [
							{
							  "data": {
								"Name": "minecraft:dead_horn_coral_block"
							  },
							  "weight": 100
							},
							{
							  "data": {
								"Name": "minecraft:water"
							  },
							  "weight": 10
							}
						  ]
					  }
					}
				  ]
				},
				"target": {
				  "type": "minecraft:matching_blocks",
				  "blocks": [
					"minecraft:water"
				  ]
				}
			  }
			},
			"placement": [
				{
				  "type": "minecraft:count",
				  "count": 1
				},
				{
				  "type": "minecraft:environment_scan",
				  "allowed_search_condition": {
					"type": "minecraft:matching_blocks",
					"blocks": "minecraft:water"
				  },
				  "direction_of_search": "down",
				  "max_steps": 12,
				  "target_condition": {
						"type": "minecraft:matching_blocks",
						"blocks": [
							"minecraft:dead_tube_coral_block",
							"minecraft:dead_brain_coral_block",
							"minecraft:dead_bubble_coral_block",
							"minecraft:dead_fire_coral_block"
						],
						"offset": [
						  0,
						  0,
						  0
						]
				  }
				},
				{
				  "type": "minecraft:random_offset",
				  "xz_spread": 0,
				  "y_spread": 1
				}
			]
    },
    "tries": 10,
    "xz_spread": 4,
    "y_spread": 10
  }
}