
{
  "type": "flat_cache",
  "argument": {
  "type": "cache_2d",
  "argument": {
    "type": "mul",
    "argument1": 0.6, 
    "argument2": {
      "type": "minecraft:spline",
      "spline": {
        "coordinate": {
          "type": "add",
          "argument1": {
            "type": "add",
            "argument1": "lithosphere:volcanic_islands", 
            "argument2": "lithosphere:continents" 
          },
          "argument2": {
            "type": "abs",
            "argument": {
              "type": "mul",
              "argument1": {
                "type": "noise",
                "noise": "minecraft:erosion",
                "xz_scale": 2.1,
                "y_scale": 0
              },
              "argument2": 0.1 
            }
          }
        },
        "points": [
          {
            "location": -1.213001338068079,
            "value": -1.7064387458300765,
            "derivative": 0
          },
          {
            "location": -0.7627571197458174,
            "value": -1.6061786740436106,
            "derivative": 0.3380331078862123
          },
          {
            "location": -0.48698253602343267,
            "value": -1.4380004891114746,
            "derivative": 0.7293714366314117
          },
          {
            "location": -0.397,
            "value": -1.06,
            "derivative": 0.185
          },
          {
            "location": -0.10,
            "value": -0.95,
            "derivative": 0.5755
          },
          {
            "location": 0.06,
            "value": -0.85,
            "derivative": 0.15
          },
          {
            "location": 0.139,
            "value": -0.79,
            "derivative": 0.7
          },
          {
            "location": 0.14,
            "value": -0.79,
            "derivative": 0.2
          },
          {
            "location": 0.2,
            "value": -0.7555,
            "derivative": 0.16
          },
          {
            "location": 0.5764376203349904,
            "value": -0.7167748114217367,
            "derivative": 0.059949233699557354
          },
          {
            "location": 1.4999126514129806,
            "value": -0.6132805437711915,
            "derivative": 0
          }
        ]
      }
    }
  }
  }
}