
{
  "type": "flat_cache",
  "argument": {
    "type": "cache_2d",
    "argument": {
      "type": "mul",
      "argument1": {
        "type": "minecraft:spline",
        "spline": {
          "coordinate": "lithosphere:river_valleys", 
          "points": [
            {
              "location": 0,
              "value": 0,
              "derivative": 0
            },
            {
              "location": 3,
              "value": 1,
              "derivative": 0
            }
          ]
        }
      },
      "argument2": {
        "type": "mul",
        "argument1": {
          "type": "mul",
          "argument1": {
            "type": "minecraft:spline",
            "spline": {
              "coordinate": {
                "type": "add",
                "argument1": "lithosphere:roughness", 
                "argument2": {
                  "type": "noise",
                  "noise": "lithosphere:cliffs_height",
                  "xz_scale": 150,
                  "y_scale": 0
                }
              },
              "points": [
                {
                  "location": -0.5,
                  "value": 0.5,
                  "derivative": 0
                },
                {
                  "location": 0,
                  "value": 0.75,
                  "derivative": 0.55
                },
                {
                  "location": 0.5,
                  "value": 1,
                  "derivative": 0
                }
              ]
            }
          },
          "argument2": {
            "type": "add",
            "argument1": {
              "type": "mul",
              "argument1": {
                "type": "mul",
                "argument1": 0.6, 
                "argument2": {
                  "type": "minecraft:spline",
                  "spline": {
                    "coordinate": {
                      "type": "mul",
                      "argument1": {
                        "type": "add",
                        "argument1": {
                          "type": "add",
                          "argument1": "lithosphere:continents", 
                          "argument2": {
                            "type": "mul",
                            "argument1": {
                              "type": "noise",
                              "noise": "minecraft:erosion",
                              "xz_scale": 9.1,
                              "y_scale": 0
                            },
                            "argument2": 0.1
                          }
                        },
                        "argument2": -0.35
                      },
                      "argument2": 0.5 
                    },
                    "points": [
                      {
                        "location": -0.7,
                        "value": 0.0,
                        "derivative": 0
                      },
                      {
                        "location": -0.4,
                        "value": -0.07,
                        "derivative": 0
                      },
                      {
                        "location": -0.185,
                        "value": 0.05,
                        "derivative": 0.3
                      },
                      {
                        "location": -0.18,
                        "value": 0.075,
                        "derivative": 9.0
                      },
                      {
                        "location": -0.075,
                        "value": 1.0,
                        "derivative": 0
                      },
                      {
                        "location": 0.3,
                        "value": 0.0,
                        "derivative": 0
                      }
                    ]
                  }
                }
              },
              "argument2": {
                "type": "minecraft:spline",
                "spline": {
                  "coordinate": {
                    "type": "noise",
                    "noise": "lithosphere:variation_select",
                    "xz_scale": 0.18,
                    "y_scale": 0
                  },
                  "points": [
                    {
                      "location": -0.10,
                      "value": 0.0,
                      "derivative": 0
                    },
                    {
                      "location": 0.0,
                      "value": 1.0,
                      "derivative": 0
                    }
                  ]
                }
              }
            },
            "argument2": {
              "type": "mul",
              "argument1": {
                "type": "mul",
                "argument1": {
                  "type": "minecraft:spline",
                  "spline": {
                    "coordinate": {
                      "type": "mul",
                      "argument1": 0.5, 
                      "argument2": {
                        "type": "add",
                        "argument1": -0.275, 
                        "argument2": {
                          "type": "add",
                          "argument1": "lithosphere:continents", 
                          "argument2": {
                            "type": "mul",
                            "argument1": {
                              "type": "noise",
                              "noise": "minecraft:erosion",
                              "xz_scale": 9.1,
                              "y_scale": 0
                            },
                            "argument2": 0.07
                          }
                        }
                      }
                    },
                    "points": [
                      {
                        "location": -0.7,
                        "value": 0,
                        "derivative": 0
                      },
                      {
                        "location": -0.4,
                        "value": -0.08,
                        "derivative": 0
                      },
                      {
                        "location": -0.25,
                        "value": 0.0,
                        "derivative": 0.2
                      },
                      {
                        "location": -0.249,
                        "value": 0.0,
                        "derivative": 0.0
                      },
                      {
                        "location": -0.175,
                        "value": 0.0,
                        "derivative": 0.0
                      },
                      {
                        "location": -0.13,
                        "value": 0.175,
                        "derivative": 15.0
                      },
                      {
                        "location": -0.10,
                        "value": 1,
                        "derivative": 0
                      },
                      {
                        "location": 0.3,
                        "value": 0,
                        "derivative": 0
                      }
                    ]
                  }
                },
                "argument2": 0.6 
              },
              "argument2": {
                "type": "minecraft:spline",
                "spline": {
                  "coordinate": {
                    "type": "noise",
                    "noise": "lithosphere:variation_select",
                    "xz_scale": 0.18,
                    "y_scale": 0
                  },
                  "points": [
                    {
                      "location": -0.10,
                      "value": 1.0,
                      "derivative": 0
                    },
                    {
                      "location": 0.0,
                      "value": 0.0,
                      "derivative": 0
                    }
                  ]
                }
              }
            }
          }
        },
        "argument2": {
          "type": "mul",
          "argument1": {
            "type": "clamp",
            "min": 0,
            "max": 1,
            "input": {
              "type": "add",
              "argument1": {
                "type": "add",
                "argument1": {
                  "type": "noise",
                  "noise": "lithosphere:cliffs",
                  "xz_scale": 0.4,
                  "y_scale": 0
                },
                "argument2": {
                  "type": "mul",
                  "argument1": "lithosphere:roughness", 
                  "argument2": 0.3 
                }
              },
              "argument2": 0.3 
            }
          },
          "argument2": {
            "type": "minecraft:spline",
            "spline": {
              "coordinate": "lithosphere:orogeny", 
              "points": [
                {
                  "location": 0.6,
                  "value": 0,
                  "derivative": 0
                },
                {
                  "location": 2,
                  "value": 1.2,
                  "derivative": 0
                }
              ]
            }
          }
        }
      }
    }
  }
}