
{
  "type": "flat_cache",
  "argument": {
  "type": "cache_2d",
  "argument": {
    "type": "minecraft:spline",
    "spline": {
      "coordinate": {
        "type": "max",
        "argument1": "lithosphere:continents", 
        "argument2": {
          "type": "minecraft:spline",
          "spline": {
            "coordinate": "lithosphere:volcanic_islands", 
            "points": [
              {
                "location": 0.14360335362930743,
                "value": -0.1310218390591008,
                "derivative": 18.0000000000004
              },
              {
                "location": 0.14880633072371618,
                "value": -0.1015555424693857,
                "derivative": 0
              },
              {
                "location": 0.2,
                "value": -0.08147924539874107,
                "derivative": 0
              }
            ]
          }
        }
      },
      "points": [
        {
          "location": -0.49976008525166954,
          "value": -0.5002721028087205,
          "derivative": 1
        },
        {
          "location": -0.10337850472876609,
          "value": -0.20295646190819788,
          "derivative": 0.25036175009465034
        },
        {
          "location": 0.12634764285727262,
          "value": -0.09327753654205617,
          "derivative": 0
        },
        {
          "location": 0.17710100129056594,
          "value": 0.3240372305999084,
          "derivative": 0
        },
        {
          "location": 0.49749810507038805,
          "value": 0.49871852056804145,
          "derivative": 1.0325850374726078
        }
      ]
    }
  }
  }
}