
{
  "type": "flat_cache",
  "argument": {
  "type": "cache_2d",
  "argument": {
    "type": "minecraft:spline",
    "spline": {
      "coordinate": {
        "type": "mul",
        "argument1": 0.6, 
        "argument2": {
          "type": "add",
          "argument1": {
            "type": "mul",
            "argument1": {
              "type": "minecraft:spline",
              "spline": {
                "coordinate": {
                  "type": "mul",
                  "argument1": {
                    "type": "add",
                    "argument1": {
                      "type": "mul",
                      "argument1": {
                        "type": "noise",
                        "noise": "minecraft:erosion",
                        "xz_scale": 0.2,
                        "y_scale": 0
                      },
                      "argument2": 0.1 
                    },
                    "argument2": {
                      "type": "min",
                      "argument1": {
                        "type": "abs",
                        "argument": {
                          "type": "noise",
                          "noise": "lithosphere:continent_trenches_b",
                          "xz_scale": 0.2,
                          "y_scale": 0
                        }
                      },
                      "argument2": {
                        "type": "abs",
                        "argument": {
                          "type": "noise",
                          "noise": "lithosphere:continent_trenches_a",
                          "xz_scale": 0.2,
                          "y_scale": 0
                        }
                      }
                    }
                  },
                  "argument2": 0.3
                },
                "points": [
                  {
                    "location": 0,
                    "value": 0,
                    "derivative": 0
                  },
                  {
                    "location": 0.005,
                    "value": 0.2,
                    "derivative": 0.5
                  },
                  {
                    "location": 0.06,
                    "value": 0.45,
                    "derivative": 0.1
                  },
                  {
                    "location": 0.105,
                    "value": 0.55,
                    "derivative": 0.22
                  },
                  {
                    "location": 0.165,
                    "value": 0.6,
                    "derivative": 0.22
                  },
                  {
                    "location": 0.5,
                    "value": 0.75,
                    "derivative": 0.7
                  },
                  {
                    "location": 1,
                    "value": 1,
                    "derivative": 0
                  }
                ]
              }
            },
            "argument2": {
              "type": "add",
              "argument1": {
                "type": "mul",
                "argument1": {
                  "type": "add",
                  "argument1": 0.1, 
                  "argument2": {
                    "type": "add",
                    "argument1": {
                      "type": "abs",
                      "argument": {
                        "type": "noise",
                        "noise": "minecraft:continentalness_large",
                        "xz_scale": 0.1,
                        "y_scale": 0
                      }
                    },
                    "argument2": {
                      "type": "abs",
                      "argument": {
                        "type": "noise",
                        "noise": "lithosphere:continentalness",
                        "xz_scale": 0.05,
                        "y_scale": 0
                      }
                    }
                  }
                },
                "argument2": 5.0
              },
              "argument2": {
                "type": "mul",
                "argument1": {
                  "type": "clamp",
                  "min": -0.1,
                  "max": 6,
                  "input": {
                    "type": "mul",
                    "argument1": 2.5, 
                    "argument2": {
						"type": "add",
						"argument1": -0.1, 
						"argument2": {
						  "type": "noise",
						  "noise": "lithosphere:continent_regions",
						  "xz_scale": 20,
						  "y_scale": 0
						}
					}
                  }
                },
                "argument2": {
                  "type": "minecraft:spline",
                  "spline": {
                    "coordinate": {
                      "type": "noise",
                      "noise": "lithosphere:orogeny",
                      "xz_scale": 0.05,
                      "y_scale": 0
                    },
                    "points": [
                      {
                        "location": -1.0059170172770522,
                        "value": -0.0023781670732448967,
                        "derivative": 0
                      },
                      {
                        "location": -0.2629656813549912,
                        "value": 2,
                        "derivative": 0
                      },
                      {
                        "location": 0.503051207772355,
                        "value": 0.003392583914896552,
                        "derivative": 0
                      }
                    ]
                  }
                }
              }
            }
          },
          "argument2": -1.5000000000000002 
        }
      },
      "points": [
        {
          "location": -1.0014012866114452,
          "value": -0.7471759829313853,
          "derivative": 0
        },
        {
          "location": 1,
          "value": 1,
          "derivative": 1
        }
      ]
    }
  }
  }
}