
{
  "type": "flat_cache",
  "argument": {
  "type": "cache_2d",
  "argument": {
    "type": "minecraft:spline",
    "spline": {
      "coordinate": {
        "type": "add",
        "argument1": 0.5, 
        "argument2": {
          "type": "add",
          "argument1": {
            "type": "add",
            "argument1": {
              "type": "mul",
              "argument1": {
                "type": "minecraft:spline",
                "spline": {
                  "coordinate": {
                    "type": "add",
                    "argument1": -0.4, 
                    "argument2": {
                      "type": "add",
                      "argument1": {
                        "type": "noise",
                        "noise": "lithosphere:lakes_placement",
                        "xz_scale": 0.4,
                        "y_scale": 0
                      },
                      "argument2": {
                        "type": "mul",
                        "argument1": {
                          "type": "mul",
                          "argument1": {
                            "type": "add",
                            "argument1": {
                              "type": "abs",
                              "argument": {
                                "type": "noise",
                                "noise": "lithosphere:continentalness",
                                "xz_scale": 0.3,
                                "y_scale": 0
                              }
                            },
                            "argument2": -4.4 
                          },
                          "argument2": -0.9999999999999999 
                        },
                        "argument2": 0.06 
                      }
                    }
                  },
                  "points": [
                    {
                      "location": -0.3,
                      "value": 1,
                      "derivative": -0.05
                    },
                    {
                      "location": 0.4,
                      "value": -1,
                      "derivative": 0
                    }
                  ]
                }
              },
              "argument2": 0.9999999999999992 
            },
            "argument2": {
              "type": "add",
              "argument1": "lithosphere:roughness", 
              "argument2": {
                "type": "mul",
                "argument1": {
                  "type": "add",
                  "argument1": {
                    "type": "abs",
                    "argument": {
                      "type": "noise",
                      "noise": "lithosphere:rivers_detail",
                      "xz_scale": 3,
                      "y_scale": 0
                    }
                  },
                  "argument2": -0.4 
                },
                "argument2": 0.35 
              }
            }
          },
          "argument2": {
            "type": "mul",
            "argument1": {
              "type": "minecraft:spline",
              "spline": {
                "coordinate": "lithosphere:continents", 
                "points": [
                  {
                    "location": -0.3,
                    "value": 1,
                    "derivative": 0
                  },
                  {
                    "location": 1,
                    "value": 0,
                    "derivative": 0
                  }
                ]
              }
            },
            "argument2": 2 
          }
        }
      },
      "points": [
        {
          "location": -0.8,
          "value": 0,
          "derivative": 0
        },
        {
          "location": -0.5,
          "value": 0.15,
          "derivative": 0.3
        },
        {
          "location": -0.32,
          "value": 0.25,
          "derivative": 1
        },
        {
          "location": 0.6,
          "value": 1,
          "derivative": 0
        },
        {
          "location": 0.7,
          "value": 1,
          "derivative": 0
        }
      ]
    }
  }
  }
}