
{
  "type": "flat_cache",
  "argument": {
  "type": "cache_2d",
  "argument": {
    "type": "mul",
    "argument1": {
      "type": "mul",
      "argument1": -1, 
      "argument2": {
        "type": "add",
        "argument1": -1, 
        "argument2": "lithosphere:lakes_placement" 
      }
    },
    "argument2": {
      "type": "add",
      "argument1": {
        "type": "minecraft:spline",
        "spline": {
          "coordinate": {
            "type": "add",
            "argument1": {
              "type": "add",
              "argument1": {
                "type": "noise",
                "noise": "minecraft:erosion",
                "xz_scale": 3,
                "y_scale": 0
              },
              "argument2": -0.2 
            },
            "argument2": {
              "type": "mul",
              "argument1": {
                "type": "add",
                "argument1": {
                  "type": "abs",
                  "argument": {
                    "type": "noise",
                    "noise": "lithosphere:rivers_detail",
                    "xz_scale": 5.9,
                    "y_scale": 0
                  }
                },
                "argument2": -0.4 
              },
              "argument2": 0.5 
            }
          },
          "points": [
            {
              "location": 0.5,
              "value": -0.26,
              "derivative": 0.07
            },
            {
              "location": 1,
              "value": -0.24,
              "derivative": 0
            }
          ]
        }
      },
      "argument2": -0.3 
    }
  }
  }
}