
{
  "type": "flat_cache",
  "argument": {
    "type": "cache_2d",
    "argument": {
      "type": "add",
      "argument1": {
        "type": "minecraft:spline",
        "spline": {
          "coordinate": {
            "type": "noise",
            "noise": "lithosphere:mesa_placement",
            "xz_scale": 0.35,
            "y_scale": 0
          },
          "points": [
            {
              "location": -1.5,
              "value": -4,
              "derivative": 0
            },
            {
              "location": 0.6,
              "value": 0.5,
              "derivative": 0
            }
          ]
        }
      },
      "argument2": {
        "type": "add",
        "argument1": {
          "type": "minecraft:spline",
          "spline": {
            "coordinate": "lithosphere:continents", 
            "points": [
              {
                "location": -0.8,
                "value": -4,
                "derivative": 0
              },
              {
                "location": 0.6,
                "value": 0,
                "derivative": 0
              }
            ]
          }
        },
        "argument2": {
          "type": "minecraft:spline",
          "spline": {
            "coordinate": "lithosphere:swamp_placement", 
            "points": [
              {
                "location": 0.19925928566100026,
                "value": -0.00394316740780809,
                "derivative": 0
              },
              {
                "location": 1.098883476098011,
                "value": -3.9953112100754486,
                "derivative": 0
              }
            ]
          }
        }
      }
    }
  }
}