
{
  "type": "flat_cache",
  "argument": {
    "type": "cache_2d",
    "argument": {
      "type": "minecraft:spline",
      "spline": {
        "coordinate": {
          "type": "mul",
          "argument1": {
            "type": "add",
            "argument1": {
              "type": "add",
              "argument1": {
                "type": "mul",
                "argument1": {
                  "type": "add",
                  "argument1": {
                    "type": "mul",
                    "argument1": {
                      "type": "add",
                      "argument1": {
                        "type": "abs",
                        "argument": {
                          "type": "shifted_noise",
                          "noise": "lithosphere:mountains_shape",
                          "xz_scale": 105.90000000000047,
                          "y_scale": 0,
                          "shift_x": -100000, 
                          "shift_y": 0, 
                          "shift_z": 100000 
                        }
                      },
                      "argument2": {
                        "type": "abs",
                        "argument": {
                          "type": "shifted_noise",
                          "noise": "lithosphere:mountains_shape",
                          "xz_scale": 60.0000000000006,
                          "y_scale": 0,
                          "shift_x": 100000, 
                          "shift_y": 0, 
                          "shift_z": -100000 
                        }
                      }
                    },
                    "argument2": 0.5999999999999993 
                  },
                  "argument2": 1.5 
                },
                "argument2": {
                  "type": "minecraft:spline",
                  "spline": {
                    "coordinate": {
                      "type": "add",
                      "argument1": {
                        "type": "abs",
                        "argument": {
                          "type": "mul",
                          "argument1": 2.1, 
                          "argument2": {
                            "type": "noise",
                            "noise": "lithosphere:mountains_valleys",
                            "xz_scale": 0.175,
                            "y_scale": 0
                          }
                        }
                      },
                      "argument2": {
                        "type": "mul",
                        "argument1": {
                          "type": "add",
                          "argument1": {
                            "type": "abs",
                            "argument": {
                              "type": "noise",
                              "noise": "minecraft:jagged",
                              "xz_scale": 1.0999999999999999,
                              "y_scale": 0
                            }
                          },
                          "argument2": -0.01 
                        },
                        "argument2": 0.2 
                      }
                    },
                    "points": [
                      {
                        "location": 0.0002636959756417423,
                        "value": 0.0016079171144931514,
                        "derivative": 0
                      },
                      {
                        "location": 0.25,
                        "value": 0.5025172744345754,
                        "derivative": 0.36574074074074464
                      },
                      {
                        "location": 0.5680059985537048,
                        "value": 0.9974804958648761,
                        "derivative": 0
                      },
                      {
                        "location": 0.877068240778131,
                        "value": 1.1727179882717886,
                        "derivative": 0.2
                      },
                      {
                        "location": 3.006104525397133,
                        "value": 1.3979741128283603,
                        "derivative": 0
                      }
                    ]
                  }
                }
              },
              "argument2": {
                "type": "mul",
                "argument1": "lithosphere:mountains_weathering", 
                "argument2": 0.15 
              }
            },
            "argument2": {
              "type": "mul",
              "argument1": {
                "type": "abs",
                "argument": {
                  "type": "noise",
                  "noise": "minecraft:erosion",
                  "xz_scale": 0.975,
                  "y_scale": 0
                }
              },
              "argument2": 0.05 
            }
          },
          "argument2": 0.7999999999999999 
        },
        "points": [
          {
            "location": -1.2,
            "value": -0.6461375418382934,
            "derivative": 0.587048994490454
          },
          {
            "location": 0.3,
            "value": 0.5,
            "derivative": 0.8
          },
          {
            "location": 1.3466961487857894,
            "value": 1.523097380959721,
            "derivative": 1.021015477029345
          },
          {
            "location": 2.5563444318881157,
            "value": 2.2988765929422055,
            "derivative": 0
          }
        ]
      }
    }
  }
}