
{
  "type": "flat_cache",
  "argument": {
    "type": "cache_2d",
    "argument": {
      "type": "mul",
      "argument1": {
        "type": "minecraft:spline",
        "spline": {
          "coordinate": {
            "type": "mul",
            "argument1": {
              "type": "add",
              "argument1": {
                "type": "mul",
                "argument1": {
                  "type": "mul",
                  "argument1": {
                    "type": "mul",
                    "argument1": {
                      "type": "minecraft:spline",
                      "spline": {
                        "coordinate": "lithosphere:continents", 
                        "points": [
                          {
                            "location": 0,
                            "value": 0,
                            "derivative": 0
                          },
                          {
                            "location": 1.25,
                            "value": 1,
                            "derivative": 0
                          }
                        ]
                      }
                    },
                    "argument2": {
                      "type": "add",
                      "argument1": {
                        "type": "mul",
                        "argument1": {
                          "type": "add",
                          "argument1": {
                            "type": "add",
                            "argument1": 1.0999999999999999, 
                            "argument2": {
                              "type": "mul",
                              "argument1": -0.7, 
                              "argument2": {
                                "type": "abs",
                                "argument": {
                                  "type": "shifted_noise",
                                  "noise": "lithosphere:mountains_base",
                                  "xz_scale": 1.6999999999999995,
                                  "y_scale": 0,
                                  "shift_x": -5000, 
                                  "shift_y": 0, 
                                  "shift_z": -5000 
                                }
                              }
                            }
                          },
                          "argument2": {
                            "type": "add",
                            "argument1": {
                              "type": "mul",
                              "argument1": {
                                "type": "abs",
                                "argument": {
                                  "type": "shifted_noise",
                                  "noise": "lithosphere:mountains_base",
                                  "xz_scale": 1.6,
                                  "y_scale": 0,
                                  "shift_x": 5000, 
                                  "shift_y": 0, 
                                  "shift_z": 5000 
                                }
                              },
                              "argument2": -0.7 
                            },
                            "argument2": 1.3 
                          }
                        },
                        "argument2": {
                          "type": "add",
                          "argument1": {
                            "type": "mul",
                            "argument1": {
                              "type": "abs",
                              "argument": {
                                "type": "noise",
                                "noise": "lithosphere:mountains_base",
                                "xz_scale": 1.7000000000000006,
                                "y_scale": 0
                              }
                            },
                            "argument2": 0.09999999999999992 
                          },
                          "argument2": 0.9999999999999999 
                        }
                      },
                      "argument2": -0.9999999999999999 
                    }
                  },
                  "argument2": {
                    "type": "minecraft:spline",
                    "spline": {
                      "coordinate": {
                        "type": "mul",
                        "argument1": "lithosphere:mountains_base", 
                        "argument2": {
                          "type": "mul",
                          "argument1": 0.5, 
                          "argument2": "lithosphere:orogeny" 
                        }
                      },
                      "points": [
                        {
                          "location": -0.1,
                          "value": 0.0,
                          "derivative": 0
                        },
                        {
                          "location": 0.9,
                          "value": 0.5,
                          "derivative": 1.2
                        },
                        {
                          "location": 1.3,
                          "value": 0.95,
                          "derivative": 0
                        },
                        {
                          "location": 1.6,
                          "value": 1.0,
                          "derivative": 0
                        },
                        {
                          "location": 2.25,
                          "value": 1.1,
                          "derivative": 0
                        }
                      ]
                    }
                  }
                },
                "argument2": 1.5000000000000007 
              },
              "argument2": {
                "type": "mul",
                "argument1": "lithosphere:mountains_base", 
                "argument2": 0.7999999999999999 
              }
            },
            "argument2": 1.2 
          },
          "points": [
            {
              "location": -2.0008288243387504,
              "value": -0.49897615549681923,
              "derivative": 0
            },
            {
              "location": -0.7722271935763148,
              "value": -0.12420646904228239,
              "derivative": 0.49344316811070665
            },
            {
              "location": 0.4,
              "value": 0.6,
              "derivative": 0.8
            },
            {
              "location": 2.6224934733128626,
              "value": 3.1735981437831056,
              "derivative": 0.3494421418602317
            },
            {
              "location": 5.000299852617543,
              "value": 6.583799642372736,
              "derivative": 1.7304960909246236
            },
            {
              "location": 5.156001748812116,
              "value": 6.996412354006738,
              "derivative": 0.33835761411195625
            },
            {
              "location": 7.582408947589361,
              "value": 6.011514694863861,
              "derivative": 0
            }
          ]
        }
      },
      "argument2": {
        "type": "minecraft:spline",
        "spline": {
          "coordinate": {
            "type": "add",
            "argument1": {
              "type": "abs",
              "argument": {
                "type": "noise",
                "noise": "lithosphere:rivers",
                "xz_scale": 0.7,
                "y_scale": 0
              }
            },
            "argument2": {
              "type": "mul",
              "argument1": "lithosphere:mountains_weathering", 
              "argument2": 0.3 
            }
          },
          "points": [
            {
              "location": 0,
              "value": 0,
              "derivative": 0
            },
            {
              "location": 0.5,
              "value": 0.25,
              "derivative": 0
            },
            {
              "location": 2,
              "value": 0.85,
              "derivative": 0.33
            },
            {
              "location": 3,
              "value": 1,
              "derivative": 0
            }
          ]
        }
      }
    }
  }
}