
{
  "type": "flat_cache",
  "argument": {
  "type": "cache_2d",
  "argument": {
    "type": "mul",
    "argument1": {
      "type": "mul",
      "argument1": {
        "type": "minecraft:spline",
        "spline": {
          "coordinate": "lithosphere:river_mask", 
          "points": [
            {
              "location": 0,
              "value": 0,
              "derivative": 0
            },
            {
              "location": 0.9965217391304348,
              "value": 0.9998260869565221,
              "derivative": 0
            }
          ]
        }
      },
      "argument2": "lithosphere:swamp_placement" 
    },
    "argument2": {
      "type": "add",
      "argument1": {
        "type": "add",
        "argument1": {
          "type": "mul",
          "argument1": {
            "type": "abs",
            "argument": {
              "type": "noise",
              "noise": "lithosphere:swamp_terrain",
              "xz_scale": 5.000000000000003,
              "y_scale": 0
            }
          },
          "argument2": 0.06 
        },
        "argument2": {
          "type": "mul",
          "argument1": {
            "type": "noise",
            "noise": "minecraft:gravel",
            "xz_scale": 3,
            "y_scale": 0
          },
          "argument2": 0.005 
        }
      },
      "argument2": -0.525 
    }
  }
  }
}