
{
  "type": "flat_cache",
  "argument": {
  "type": "cache_2d",
  "argument": {
    "type": "minecraft:spline",
    "spline": {
      "coordinate": {
        "type": "add",
        "argument1": {
          "type": "add",
          "argument1": {
            "type": "minecraft:spline",
            "spline": {
              "coordinate": {
                "type": "noise",
                "noise": "lithosphere:mesa_placement",
                "xz_scale": 0.2,
                "y_scale": 0
              },
              "points": [
                {
                  "location": 0,
                  "value": 0,
                  "derivative": 0
                },
                {
                  "location": 0.5,
                  "value": -2,
                  "derivative": 0
                }
              ]
            }
          },
          "argument2": {
            "type": "add",
            "argument1": {
              "type": "add",
              "argument1": {
                "type": "abs",
                "argument": {
                  "type": "noise",
                  "noise": "lithosphere:humidity",
                  "xz_scale": 0.3,
                  "y_scale": 0
                }
              },
              "argument2": -0.2 
            },
            "argument2": "lithosphere:erosion_detail" 
          }
        },
        "argument2": {
          "type": "add",
          "argument1": {
            "type": "minecraft:spline",
            "spline": {
              "coordinate": {
                "type": "add",
                "argument1": {
                  "type": "mul",
                  "argument1": "lithosphere:erosion_detail", 
                  "argument2": 3 
                },
                "argument2": "lithosphere:orogeny" 
              },
              "points": [
                {
                  "location": 0.503565217391304,
                  "value": 0.004347826086956719,
                  "derivative": 0
                },
                {
                  "location": 1.75,
                  "value": -2,
                  "derivative": 0
                }
              ]
            }
          },
          "argument2": {
            "type": "minecraft:spline",
            "spline": {
              "coordinate": "lithosphere:continents", 
              "points": [
                {
                  "location": -0.3,
                  "value": -1,
                  "derivative": 0
                },
                {
                  "location": -0.05,
                  "value": 0,
                  "derivative": 0.8344036966842363
                },
                {
                  "location": 0.4101997289458542,
                  "value": 0.15034429690187112,
                  "derivative": 0
                },
                {
                  "location": 2.0002734861642413,
                  "value": -0.05276463848770696,
                  "derivative": 0
                }
              ]
            }
          }
        }
      },
      "points": [
        {
          "location": 0,
          "value": 0,
          "derivative": 0
        },
        {
          "location": 0.1,
          "value": 1,
          "derivative": 0
        }
      ]
    }
  }
  }
}