
{
  "type": "flat_cache",
  "argument": {
  "type": "cache_2d",
  "argument": {
    "type": "add",
    "argument1": "lithosphere:swamp_terrain", 
    "argument2": {
      "type": "mul",
      "argument1": {
        "type": "mul",
        "argument1": -1, 
        "argument2": {
          "type": "add",
          "argument1": -1, 
          "argument2": {
            "type": "mul",
            "argument1": "lithosphere:swamp_placement", 
            "argument2": {
              "type": "minecraft:spline",
              "spline": {
                "coordinate": "lithosphere:river_mask", 
                "points": [
                  {
                    "location": 0.0049565217391304706,
                    "value": -0.0049565217391304706,
                    "derivative": 0
                  },
                  {
                    "location": 0.998260869565218,
                    "value": 1.00304347826087,
                    "derivative": 0
                  }
                ]
              }
            }
          }
        }
      },
      "argument2": "lithosphere:topography_rivers" 
    }
  }
  }
}