
{
  "type": "flat_cache",
  "argument": {
  "type": "cache_2d",
  "argument": {
    "type": "add",
    "argument1": {
      "type": "add",
      "argument1": "lithosphere:volcanic_mountains", 
      "argument2": "lithosphere:basic_topography" 
    },
    "argument2": {
      "type": "mul",
      "argument1": {
        "type": "minecraft:spline",
        "spline": {
          "coordinate": {
            "type": "add",
            "argument1": -0.05, 
            "argument2": {
              "type": "add",
              "argument1": {
                "type": "mul",
                "argument1": 0.2, 
                "argument2": {
                  "type": "noise",
                  "noise": "minecraft:jagged",
                  "xz_scale": 250,
                  "y_scale": 0
                }
              },
              "argument2": "lithosphere:continents" 
            }
          },
          "points": [
            {
              "location": -0.5,
              "value": 0,
              "derivative": 0
            },
            {
              "location": -0.164,
              "value": 0,
              "derivative": 0
            },
            {
              "location": 0.7,
              "value": 0.5,
              "derivative": 1.3100436681222607
            },
            {
              "location": 1.4957218502292502,
              "value": 0.9966698642152904,
              "derivative": 0
            }
          ]
        }
      },
      "argument2": {
        "type": "add",
        "argument1": {
          "type": "mul",
          "argument1": {
            "type": "mul",
            "argument1": {
              "type": "add",
              "argument1": "lithosphere:roughness", 
              "argument2": {
                "type": "mul",
                "argument1": "lithosphere:orogeny", 
                "argument2": "lithosphere:mountains_base" 
              }
            },
            "argument2": {
              "type": "mul",
              "argument1": "lithosphere:mountains_shape", 
              "argument2": "lithosphere:orogeny" 
            }
          },
          "argument2": 0.04 
        },
        "argument2": {
          "type": "mul",
          "argument1": {
            "type": "mul",
            "argument1": "lithosphere:orogeny", 
            "argument2": "lithosphere:mountains_base" 
          },
          "argument2": 0.01 
        }
      }
    }
  }
  }
}