
{
  "type": "flat_cache",
  "argument": {
    "type": "cache_2d",
    "argument": {
      "type": "minecraft:spline",
      "spline": {
        "coordinate": {
          "type": "mul",
          "argument1": {
            "type": "minecraft:spline",
            "spline": {
              "coordinate": {
                "type": "mul",
                "argument1": {
                  "type": "minecraft:spline",
                  "spline": {
                    "coordinate": "lithosphere:continents", 
                    "points": [
                      {
                        "location": -1,
                        "value": 1,
                        "derivative": 0
                      },
                      {
                        "location": -0.75,
                        "value": 0.75,
                        "derivative": -1.25
                      },
                      {
                        "location": -0.2,
                        "value": 0,
                        "derivative": 0
                      }
                    ]
                  }
                },
                "argument2": {
                  "type": "mul",
                  "argument1": {
                    "type": "minecraft:spline",
                    "spline": {
                      "coordinate": {
                        "type": "noise",
                        "noise": "lithosphere:continent_regions",
                        "xz_scale": 20,
                        "y_scale": 0
                      },
                      "points": [
                        {
                          "location": -0.2,
                          "value": 0,
                          "derivative": 0
                        },
                        {
                          "location": 0.5,
                          "value": 1,
                          "derivative": 0
                        }
                      ]
                    }
                  },
                  "argument2": {
                    "type": "minecraft:spline",
                    "spline": {
                      "coordinate": {
                        "type": "abs",
                        "argument": {
                          "type": "noise",
                          "noise": "lithosphere:continentalness",
                          "xz_scale": 0.15,
                          "y_scale": 0
                        }
                      },
                      "points": [
                        {
                          "location": 0,
                          "value": 1,
                          "derivative": 0
                        },
                        {
                          "location": 0.2,
                          "value": 0.9,
                          "derivative": -2.8
                        },
                        {
                          "location": 0.4,
                          "value": 0,
                          "derivative": 0
                        }
                      ]
                    }
                  }
                }
              },
              "points": [
                {
                  "location": 0,
                  "value": 0,
                  "derivative": 0
                },
                {
                  "location": 0.37,
                  "value": 0.25,
                  "derivative": 1.55
                },
                {
                  "location": 0.72,
                  "value": 1,
                  "derivative": 0
                }
              ]
            }
          },
          "argument2": {
            "type": "abs",
            "argument": {
              "type": "noise",
              "noise": "lithosphere:continent_regions",
              "xz_scale": 40,
              "y_scale": 0
            }
          }
        },
        "points": [
          {
            "location": 0,
            "value": 0,
            "derivative": 0
          },
          {
            "location": 0.95,
            "value": 1.1,
            "derivative": 0.55
          }
        ]
      }
    }
  }
}