{
  "type": "minecraft:random_patch",
  "config": {
    "feature": {
      "feature": {
        "type": "minecraft:simple_block",
        "config": {
          "to_place": {
            "type": "minecraft:weighted_state_provider",
            "entries": [
              {
                "data": {
                  "Name": "minecraft:creaking_heart"
                },
                "weight": 3
              },
              {
                "data": {
                  "Name": "minecraft:pale_oak_log"
                },
                "weight": 0
              }
            ]
          }
        }
      },
      "placement": [
        {
          "type": "minecraft:block_predicate_filter",
          "predicate": {
            "type": "minecraft:all_of",
            "predicates": [
              {
                "type": "minecraft:matching_blocks",
                "blocks": [
                  "minecraft:pale_oak_log",
                  "minecraft:pale_oak_wood"
                ],
                "offset": [
                  0,
                  1,
                  0
                ]
              },
              {
                "type": "minecraft:matching_blocks",
                "blocks": [
                  "minecraft:pale_oak_log",
                  "minecraft:pale_oak_wood"
                ]
              },
              {
                "type": "minecraft:matching_blocks",
                "blocks": [
                  "minecraft:pale_oak_log",
                  "minecraft:pale_oak_wood"
                ],
                "offset": [
                  0,
                  -1,
                  0
                ]
              }
            ]
          }
        }
      ]
    },
    "tries": 32,
    "xz_spread": 8,
    "y_spread": 8
  }
}