{
  "type": "minecraft:random_patch",
  "config": {
    "feature": {
	  "feature": {
	    "type": "minecraft:simple_random_selector",
	    "config": {
		  "features": [
		    {
				"feature": {
				  "type": "minecraft:disk",
				  "config": {
					"half_height": 4,
					"radius": {
					  "type": "minecraft:biased_to_bottom",
					  "max_inclusive": 5,
					  "min_inclusive": 3
					},
					"state_provider": {
					  "fallback": {
						  "type": "minecraft:simple_state_provider",
						  "state": {
							"Name": "minecraft:water"
						  }
					  },
					  "rules": [
						{
						  "if_true": {
								"type": "minecraft:all_of",
								"predicates": [
								  {
									"type": "minecraft:matching_blocks",
									"blocks": [
									  "minecraft:water"
									],
									"offset": [
									  0,
									  0,
									  0
									]
								  },
								  {
									"type": "minecraft:matching_blocks",
									"blocks": [
									  "minecraft:air"
									],
									"offset": [
									  0,
									  1,
									  0
									]
								  }
								]
						  },
						  "then": {
							"type": "minecraft:weighted_state_provider",
							"entries": [
								{
								  "data": {
									"Name": "minecraft:ice"
								  },
								  "weight": 2
								},
								{
								  "data": {
									"Name": "minecraft:water"
								  },
								  "weight": 1
								}
						    ]
						  }
						}
					  ]
					},
					"target": {
					  "type": "minecraft:matching_blocks",
					  "blocks": [
						"minecraft:water"
					  ]
					}
				  }
				},
			    "placement": [
					{
					  "type": "minecraft:random_offset",
					  "xz_spread": 0,
					  "y_spread": {
						"type": "minecraft:biased_to_bottom",
						  "min_inclusive": 0,
						  "max_inclusive": 0
					  }
					}
				]
		    }
		  ]
	    }
	  },
			"placement": [
				{
				  "type": "minecraft:count",
				  "count": 1
				},
				{
				  "type": "minecraft:block_predicate_filter",
				  "predicate": {
					"type": "minecraft:any_of",
					"predicates": [
					  {
						"type": "minecraft:matching_blocks",
						"blocks": [
						  "minecraft:water"
						],
						"offset": [
						  0,
						  -1,
						  0
						]
					  },
					  {
						"type": "minecraft:matching_blocks",
						"blocks": [
						  "minecraft:water"
						],
						"offset": [
						  0,
						  0,
						  0
						]
					  }
					]
				  }
				}
			]
    },
    "tries": 30,
    "xz_spread": 5,
    "y_spread": 0
  }
}