{
  "type": "minecraft:random_patch",
  "config": {
    "feature": {
	  "feature": {
	    "type": "minecraft:simple_random_selector",
	    "config": {
		  "features": [
		    {
				"feature": {
				  "type": "minecraft:disk",
				  "config": {
					"half_height": 4,
					"radius": {
					  "type": "minecraft:biased_to_bottom",
					  "max_inclusive": 7,
					  "min_inclusive": 5
					},
					"state_provider": {
					  "fallback": {
						"type": "minecraft:dual_noise_provider",
						"seed": 666,
						"noise": {
						  "firstOctave": -2,
						  "amplitudes": [
							0.2,
							0.5,
							0.5,
							0.5
						  ]
						},
						"scale": 1,
						"variety": {
						  "min_inclusive": 1,
						  "max_inclusive": 1.75
						},
						"slow_noise": {
						  "firstOctave": -5,
						  "amplitudes": [
							0.6,
							1.0,
							0.0,
							1.0,
							1.0
						  ]
						},
						"slow_scale": 1,
						"states": [
						  {
							"Name": "minecraft:packed_ice"
						  },
						  {
							"Name": "minecraft:packed_ice"
						  },
						  {
							"Name": "minecraft:packed_ice"
						  },
						  {
							"Name": "minecraft:packed_ice"
						  },
						  {
							"Name": "minecraft:packed_ice"
						  },
						  {
							"Name": "minecraft:blue_ice"
						  },
						  {
							"Name": "minecraft:packed_ice"
						  },
						  {
							"Name": "minecraft:packed_ice"
						  },
						  {
							"Name": "minecraft:packed_ice"
						  },
						  {
							"Name": "minecraft:packed_ice"
						  }
						]
					  },
					  "rules": [
					  ]
					},
					"target": {
					  "type": "minecraft:matching_blocks",
					  "blocks": [
						"minecraft:dark_oak_leaves",
						"minecraft:acacia_leaves",
						"minecraft:spruce_leaves",
						"minecraft:jungle_leaves",
						"minecraft:flowering_azalea_leaves",
						"minecraft:azalea_leaves",
						"minecraft:mangrove_leaves",
						"minecraft:cherry_leaves",
						"minecraft:oak_leaves",
						"minecraft:birch_leaves",
						"minecraft:fern",
						"minecraft:tall_grass",
						"minecraft:short_grass",
						"minecraft:tall_seagrass",
						"minecraft:seagrass",
						"minecraft:snow",
						"minecraft:water",
						"minecraft:air",
						"minecraft:snow_block",
						"minecraft:powder_snow",
						"minecraft:sand",
						"minecraft:gravel",
						"minecraft:red_sand",
						"minecraft:podzol",
						"minecraft:coarse_dirt",
						"minecraft:packed_mud",
						"minecraft:mud",
						"minecraft:dirt",
						"minecraft:light_gray_concrete",
						"minecraft:grass_block"
					  ]
					}
				  }
				},
			    "placement": [
					{
					  "type": "minecraft:random_offset",
					  "xz_spread": 0,
					  "y_spread": {
						"type": "minecraft:biased_to_bottom",
						  "min_inclusive": -1,
						  "max_inclusive": 0
					  }
					}
				]
		    },
		    {
				"feature": {
				  "type": "minecraft:disk",
				  "config": {
					"half_height": 3,
					"radius": {
					  "type": "minecraft:biased_to_bottom",
					  "max_inclusive": 3,
					  "min_inclusive": 2
					},
					"state_provider": {
					  "fallback": {
						"type": "minecraft:dual_noise_provider",
						"seed": 666,
						"noise": {
						  "firstOctave": -2,
						  "amplitudes": [
							0.2,
							0.5,
							0.5,
							0.5
						  ]
						},
						"scale": 1,
						"variety": {
						  "min_inclusive": 1,
						  "max_inclusive": 1.75
						},
						"slow_noise": {
						  "firstOctave": -5,
						  "amplitudes": [
							0.6,
							1.0,
							0.0,
							1.0,
							1.0
						  ]
						},
						"slow_scale": 1,
						"states": [
						  {
							"Name": "minecraft:packed_ice"
						  },
						  {
							"Name": "minecraft:packed_ice"
						  },
						  {
							"Name": "minecraft:packed_ice"
						  },
						  {
							"Name": "minecraft:packed_ice"
						  },
						  {
							"Name": "minecraft:packed_ice"
						  },
						  {
							"Name": "minecraft:packed_ice"
						  },
						  {
							"Name": "minecraft:packed_ice"
						  },
						  {
							"Name": "minecraft:packed_ice"
						  },
						  {
							"Name": "minecraft:packed_ice"
						  },
						  {
							"Name": "minecraft:packed_ice"
						  }
						]
					  },
					  "rules": [
					  ]
					},
					"target": {
					  "type": "minecraft:matching_blocks",
					  "blocks": [
						"minecraft:dark_oak_leaves",
						"minecraft:acacia_leaves",
						"minecraft:spruce_leaves",
						"minecraft:jungle_leaves",
						"minecraft:flowering_azalea_leaves",
						"minecraft:azalea_leaves",
						"minecraft:mangrove_leaves",
						"minecraft:cherry_leaves",
						"minecraft:oak_leaves",
						"minecraft:birch_leaves",
						"minecraft:fern",
						"minecraft:tall_grass",
						"minecraft:short_grass",
						"minecraft:tall_seagrass",
						"minecraft:seagrass",
						"minecraft:snow",
						"minecraft:water",
						"minecraft:air",
						"minecraft:snow_block",
						"minecraft:powder_snow",
						"minecraft:sand",
						"minecraft:gravel",
						"minecraft:red_sand",
						"minecraft:podzol",
						"minecraft:coarse_dirt",
						"minecraft:packed_mud",
						"minecraft:mud",
						"minecraft:dirt",
						"minecraft:light_gray_concrete",
						"minecraft:grass_block"
					  ]
					}
				  }
				},
			    "placement": [
					{
					  "type": "minecraft:random_offset",
					  "xz_spread": 0,
					  "y_spread": {
						"type": "minecraft:biased_to_bottom",
						  "min_inclusive": -1,
						  "max_inclusive": -1
					  }
					}
				]
		    }
		  ]
	    }
	  },
			"placement": [
				{
				  "type": "minecraft:count",
				  "count": 1
				},
				{
				  "type": "minecraft:block_predicate_filter",
				  "predicate": {
					"type": "minecraft:all_of",
					"predicates": [
					  {
						"type": "minecraft:matching_blocks",
						"blocks": "minecraft:air",
					    "offset": [
						  0,
						  10,
						  0
					    ]
					  }
					]
				  }
				}
			]
    },
    "tries": 64,
    "xz_spread": 4,
    "y_spread": 1
  }
}