{
  "type": "minecraft:random_patch",
  "config": {
    "feature": {
	  "feature": {
		  "type": "minecraft:random_patch",
		  "config": {
			"feature": {
			  "feature": {
				  "type": "minecraft:geode",
				  "config": {
					"blocks": {
					  "alternate_inner_layer_provider": {
						"type": "minecraft:simple_state_provider",
						"state": {
						  "Name": "minecraft:packed_ice"
						}
					  },
					  "cannot_replace": "#still_life:monolith_cannot_replace",
					  "filling_provider": {
						"type": "minecraft:simple_state_provider",
						"state": {
						  "Name": "minecraft:cave_air"
						}
					  },
					  "inner_layer_provider": {
								"type": "minecraft:dual_noise_provider",
								"seed": 666,
								"noise": {
								  "firstOctave": -1,
								  "amplitudes": [
									0.2,
									0.5,
									0.5,
									0.5
								  ]
								},
								"scale": 1,
								"variety": {
								  "min_inclusive": 1,
								  "max_inclusive": 1.75
								},
								"slow_noise": {
								  "firstOctave": -4,
								  "amplitudes": [
									0.6,
									1.0,
									0.0,
									1.0,
									1.0
								  ]
								},
								"slow_scale": 1,
								"states": [
								  {
									"Name": "minecraft:blackstone"
								  },
								  {
									"Name": "minecraft:blackstone"
								  },
								  {
									"Name": "minecraft:blackstone"
								  },
								  {
									"Name": "minecraft:blackstone"
								  },
								  {
									"Name": "minecraft:blackstone"
								  },
								  {
									"Name": "minecraft:blackstone"
								  },
								  {
									"Name": "minecraft:blackstone"
								  },
								  {
									"Name": "minecraft:blackstone"
								  },
								  {
									"Name": "minecraft:gilded_blackstone"
								  },
								  {
									"Name": "minecraft:gilded_blackstone"
								  },
								  {
									"Name": "minecraft:raw_gold_block"
								  },
								  {
									"Name": "minecraft:gilded_blackstone"
								  },
								  {
									"Name": "minecraft:gilded_blackstone"
								  },
								  {
									"Name": "minecraft:blackstone"
								  },
								  {
									"Name": "minecraft:blackstone"
								  },
								  {
									"Name": "minecraft:blackstone"
								  },
								  {
									"Name": "minecraft:blackstone"
								  },
								  {
									"Name": "minecraft:blackstone"
								  },
								  {
									"Name": "minecraft:blackstone"
								  },
								  {
									"Name": "minecraft:blackstone"
								  },
								  {
									"Name": "minecraft:blackstone"
								  }
								]
					  },
					  "inner_placements": [
						{
						  "Name": "minecraft:cave_air"
						}
					  ],
					  "invalid_blocks": "#still_life:monolith_invalid_blocks",
					  "middle_layer_provider": {
								"type": "minecraft:dual_noise_provider",
								"seed": 666,
								"noise": {
								  "firstOctave": -2,
								  "amplitudes": [
									0.2,
									0.5,
									0.5,
									0.5
								  ]
								},
								"scale": 1,
								"variety": {
								  "min_inclusive": 1,
								  "max_inclusive": 1.75
								},
								"slow_noise": {
								  "firstOctave": -5,
								  "amplitudes": [
									0.6,
									1.0,
									0.0,
									1.0,
									1.0
								  ]
								},
								"slow_scale": 1,
								"states": [
								  {
									"Name": "minecraft:obsidian"
								  },
								  {
									"Name": "minecraft:obsidian"
								  },
								  {
									"Name": "minecraft:obsidian"
								  },
								  {
									"Name": "minecraft:obsidian"
								  },
								  {
									"Name": "minecraft:obsidian"
								  },
								  {
									"Name": "minecraft:obsidian"
								  },
								  {
									"Name": "minecraft:obsidian"
								  },
								  {
									"Name": "minecraft:obsidian"
								  },
								  {
									"Name": "minecraft:crying_obsidian"
								  },
								  {
									"Name": "minecraft:crying_obsidian"
								  },
								  {
									"Name": "minecraft:crying_obsidian"
								  },
								  {
									"Name": "minecraft:obsidian"
								  },
								  {
									"Name": "minecraft:obsidian"
								  },
								  {
									"Name": "minecraft:obsidian"
								  },
								  {
									"Name": "minecraft:crying_obsidian"
								  },
								  {
									"Name": "minecraft:crying_obsidian"
								  },
								  {
									"Name": "minecraft:crying_obsidian"
								  },
								  {
									"Name": "minecraft:obsidian"
								  },
								  {
									"Name": "minecraft:obsidian"
								  },
								  {
									"Name": "minecraft:obsidian"
								  },
								  {
									"Name": "minecraft:obsidian"
								  },
								  {
									"Name": "minecraft:obsidian"
								  },
								  {
									"Name": "minecraft:obsidian"
								  },
								  {
									"Name": "minecraft:obsidian"
								  },
								  {
									"Name": "minecraft:obsidian"
								  }
								]
					  },
					  "outer_layer_provider": {
								"type": "minecraft:dual_noise_provider",
								"seed": 666,
								"noise": {
								  "firstOctave": -2,
								  "amplitudes": [
									0.2,
									0.5,
									0.5,
									0.5
								  ]
								},
								"scale": 1,
								"variety": {
								  "min_inclusive": 1,
								  "max_inclusive": 1.75
								},
								"slow_noise": {
								  "firstOctave": -5,
								  "amplitudes": [
									0.6,
									1.0,
									0.0,
									1.0,
									1.0
								  ]
								},
								"slow_scale": 1,
								"states": [
								  {
									"Name": "minecraft:obsidian"
								  },
								  {
									"Name": "minecraft:obsidian"
								  },
								  {
									"Name": "minecraft:obsidian"
								  },
								  {
									"Name": "minecraft:obsidian"
								  },
								  {
									"Name": "minecraft:obsidian"
								  },
								  {
									"Name": "minecraft:obsidian"
								  },
								  {
									"Name": "minecraft:obsidian"
								  },
								  {
									"Name": "minecraft:obsidian"
								  },
								  {
									"Name": "minecraft:obsidian"
								  },
								  {
									"Name": "minecraft:obsidian"
								  },
								  {
									"Name": "minecraft:obsidian"
								  },
								  {
									"Name": "minecraft:obsidian"
								  },
								  {
									"Name": "minecraft:obsidian"
								  },
								  {
									"Name": "minecraft:obsidian"
								  },
								  {
									"Name": "minecraft:obsidian"
								  },
								  {
									"Name": "minecraft:obsidian"
								  },
								  {
									"Name": "minecraft:obsidian"
								  },
								  {
									"Name": "minecraft:obsidian"
								  },
								  {
									"Name": "minecraft:obsidian"
								  },
								  {
									"Name": "minecraft:crying_obsidian"
								  },
								  {
									"Name": "minecraft:purple_concrete"
								  },
								  {
									"Name": "minecraft:crying_obsidian"
								  },
								  {
									"Name": "minecraft:obsidian"
								  },
								  {
									"Name": "minecraft:obsidian"
								  },
								  {
									"Name": "minecraft:obsidian"
								  },
								  {
									"Name": "minecraft:obsidian"
								  },
								  {
									"Name": "minecraft:obsidian"
								  },
								  {
									"Name": "minecraft:obsidian"
								  },
								  {
									"Name": "minecraft:obsidian"
								  },
								  {
									"Name": "minecraft:obsidian"
								  },
								  {
									"Name": "minecraft:obsidian"
								  },
								  {
									"Name": "minecraft:obsidian"
								  },
								  {
									"Name": "minecraft:obsidian"
								  },
								  {
									"Name": "minecraft:obsidian"
								  },
								  {
									"Name": "minecraft:obsidian"
								  },
								  {
									"Name": "minecraft:obsidian"
								  },
								  {
									"Name": "minecraft:obsidian"
								  },
								  {
									"Name": "minecraft:obsidian"
								  },
								  {
									"Name": "minecraft:obsidian"
								  },
								  {
									"Name": "minecraft:obsidian"
								  },
								  {
									"Name": "minecraft:obsidian"
								  }
								]
					  }
					},
					"crack": {
					  "base_crack_size": 2.0,
					  "crack_point_offset": 2,
					  "generate_crack_chance": 0.0
					},
					"distribution_points": {
					  "type": "minecraft:uniform",
					  "value": {
						"max_inclusive": 4,
						"min_inclusive": 3
					  }
					},
					"invalid_blocks_threshold": 1,
					"layers": {
					  "filling": 0.7,
					  "inner_layer": 1.5,
					  "middle_layer": 2.0,
					  "outer_layer": 3.0
					},
					"max_gen_offset": 16,
					"min_gen_offset": -16,
					"noise_multiplier": 0.02,
					"outer_wall_distance": {
					  "type": "minecraft:uniform",
					  "value": {
						"max_inclusive": 8,
						"min_inclusive": 8
					  }
					},
					"placements_require_layer0_alternate": false,
					"point_offset": {
					  "type": "minecraft:uniform",
					  "value": {
						"max_inclusive": 2,
						"min_inclusive": 1
					  }
					},
					"use_alternate_layer0_chance": 0.0,
					"use_potential_placements_chance": 0.0
				  }
				},
				"placement": [
				]
			},
			"tries": 50,
			"xz_spread": 1,
			"y_spread": 50
		  }
	    },
		"placement": [
		]
    },
    "tries": 100,
    "xz_spread": 1,
    "y_spread": 200
  }
}