{
  "type": "minecraft:random_patch",
  "config": {
    "feature": {
			"feature": {
			  "type": "minecraft:tree",
			  "config": {
				"decorators": [
				  {
					"type": "minecraft:attached_to_leaves",
					"block_provider": {
					  "type": "minecraft:simple_state_provider",
					  "state": {
						  "Name": "minecraft:birch_leaves",
						  "Properties": {
						  "distance": "7",
						  "persistent": "false",
						  "waterlogged": "false"
						  }
					  }
					},
					"directions": [
					  "up"
					],
					"exclusion_radius_xz": 0,
					"exclusion_radius_y": 0,
					"probability": 0.5,
					"required_empty_blocks": 1
				  },
				  {
					"type": "minecraft:attached_to_leaves",
					"block_provider": {
					  "type": "minecraft:simple_state_provider",
					  "state": {
						  "Name": "minecraft:birch_leaves",
						  "Properties": {
						  "distance": "7",
						  "persistent": "false",
						  "waterlogged": "false"
						  }
					  }
					},
					"directions": [
					  "down"
					],
					"exclusion_radius_xz": 0,
					"exclusion_radius_y": 0,
					"probability": 0.5,
					"required_empty_blocks": 1
				  }
				],
				"dirt_provider": {
				  "type": "minecraft:simple_state_provider",
				  "state": {
					"Name": "minecraft:dirt"
				  }
				},
				"foliage_placer": {
				  "type": "minecraft:fancy_foliage_placer",
				  "height": 5,
				  "offset": 1,
				  "radius": 2
				},
				"foliage_provider": {
				  "type": "minecraft:weighted_state_provider",
				  "entries": [
					{
					  "data": {
						"Name": "minecraft:birch_leaves",
						"Properties": {
						  "distance": "7",
						  "persistent": "false",
						  "waterlogged": "false"
						}
					  },
					  "weight": 1
					},
					{
					  "data": {
						"Name": "minecraft:air"
					  },
					  "weight": 1
					}
				  ]
				},
				"force_dirt": false,
				"ignore_vines": true,
				"minimum_size": {
				  "type": "minecraft:two_layers_feature_size",
				  "limit": 0,
				  "lower_size": 0,
				  "min_clipped_height": 4,
				  "upper_size": 0
				},
				"trunk_placer": {
				  "type": "minecraft:forking_trunk_placer",
				  "base_height": 10,
				  "height_rand_a": 3,
				  "height_rand_b": 1
				},
				"trunk_provider": {
				  "type": "minecraft:simple_state_provider",
				  "state": {
					"Name": "minecraft:birch_log",
					"Properties": {
					  "axis": "y"
					}
				  }
				}
			  }
			},
			"placement": [
				{
				  "type": "minecraft:count",
				  "count": 3
				}
			]
    },
    "tries": 1,
    "xz_spread": 0,
    "y_spread": 0
  }
}