{
		  "type": "minecraft:simple_random_selector",
		  "config": {
			"features": [
			  {
				"feature": {
					"type": "minecraft:vegetation_patch",
					"config": {
						"surface": "floor",
						"depth": 1,
						"vertical_range": 4,
						"extra_bottom_block_chance": 0,
						"extra_edge_column_chance": 1,
						"vegetation_chance": 1,
						"xz_radius": 0,
						"replaceable": "#minecraft:dirt",
						"ground_state": {
							"type": "minecraft:simple_state_provider",
							"state": {
								"Name": "minecraft:dirt"
							}
						},
						"vegetation_feature": {
							"feature": {
								"type": "minecraft:tree",
								"config": {
								"decorators": [],
								"dirt_provider": {
								"type": "minecraft:simple_state_provider",
								  "state": {
									"Name": "minecraft:dirt"
								  }
								},
								"foliage_placer": {
								  "type": "minecraft:fancy_foliage_placer",
								  "height": 2,
								  "offset": 0,
								  "radius": 3
								},
								"foliage_provider": {
								  "type": "minecraft:weighted_state_provider",
								  "entries": [
									{
									  "data": {
										"Name": "minecraft:jungle_leaves",
										"Properties": {
										  "distance": "7",
										  "persistent": "false",
										  "waterlogged": "false"
										}
									  },
									  "weight": 50
									},
									{
									  "data": {"Name": "minecraft:air"},
									  "weight": 22
									}
								  ]
								},
								"force_dirt": false,
								"ignore_vines": false,
								"minimum_size": {
								  "type": "minecraft:two_layers_feature_size",
								  "limit": 1,
								  "lower_size": 0,
								  "upper_size": 0
								},
								"trunk_placer": {
								  "type": "minecraft:cherry_trunk_placer",
								  "base_height": 12,
								  "branch_count": {
									"type": "minecraft:weighted_list",
									"distribution": [
									  {
										"data": 2,
										"weight": 3
									  },
									  {
										"data": 3,
										"weight": 2
									  }
									]
								  },
								  "branch_end_offset_from_top": {
									"type": "minecraft:uniform",
									  "max_inclusive": 6,
									  "min_inclusive": 2
								  },
								  "branch_horizontal_length": {
									"type": "minecraft:uniform",
									  "max_inclusive": 9,
									  "min_inclusive": 2
								  },
								  "branch_start_offset_from_top": {
									"max_inclusive": 0,
									"min_inclusive": -2
								  },
								  "height_rand_a": 6,
								  "height_rand_b": 6
								},
								"trunk_provider": {
								  "type": "minecraft:simple_state_provider",
								  "state": {
									"Name": "minecraft:jungle_log",
									"Properties": {
									  "axis": "y"
									}
								  }
								},
								"root_placer": {
								  "type": "minecraft:mangrove_root_placer",
								  "above_root_placement": {
									"above_root_placement_chance": 0.0,
									"above_root_provider": {
									  "type": "minecraft:simple_state_provider",
									  "state": {
										"Name": "minecraft:air"
									  }
									}
								  },
								  "mangrove_root_placement": {
									"can_grow_through": "#minecraft:mangrove_roots_can_grow_through",
									"max_root_length": 15,
									"max_root_width": 3,
									"muddy_roots_in": [
									  "minecraft:mud",
									  "minecraft:oak_log"
									],
									"muddy_roots_provider": {
									  "type": "minecraft:simple_state_provider",
									  "state": {
										"Name": "minecraft:jungle_wood",
										"Properties": {
										  "axis": "y"
										}
									  }
									},
									"random_skew_chance": 0.5
								  },
								  "root_provider": {
									"type": "minecraft:simple_state_provider",
									"state": {
									  "Name": "minecraft:jungle_wood",
									  "Properties": {
										  "axis": "y"
									  }
									}
								  },
								  "trunk_offset_y": {
									"type": "minecraft:uniform",
									"max_inclusive": 4,
									"min_inclusive": 0
								  }
								}
							  }
							},
							"placement": [
								{
								  "type": "minecraft:count",
								  "count": 10
								}
							]
						}
					}
				},
				"placement": []
			  },
			  {
				"feature": {
					"type": "minecraft:vegetation_patch",
					"config": {
						"surface": "floor",
						"depth": 1,
						"vertical_range": 4,
						"extra_bottom_block_chance": 0,
						"extra_edge_column_chance": 1,
						"vegetation_chance": 1,
						"xz_radius": 0,
						"replaceable": "#minecraft:dirt",
						"ground_state": {
							"type": "minecraft:simple_state_provider",
							"state": {
								"Name": "minecraft:dirt"
							}
						},
						"vegetation_feature": {
							"feature": {
								"type": "minecraft:tree",
								"config": {
								"decorators": [],
								"dirt_provider": {
								"type": "minecraft:simple_state_provider",
								  "state": {
									"Name": "minecraft:dirt"
								  }
								},
								"foliage_placer": {
								  "type": "minecraft:fancy_foliage_placer",
								  "height": 2,
								  "offset": 0,
								  "radius": 3
								},
								"foliage_provider": {
								  "type": "minecraft:weighted_state_provider",
								  "entries": [
									{
									  "data": {
										"Name": "minecraft:jungle_leaves",
										"Properties": {
										  "distance": "7",
										  "persistent": "false",
										  "waterlogged": "false"
										}
									  },
									  "weight": 50
									},
									{
									  "data": {"Name": "minecraft:air"},
									  "weight": 22
									}
								  ]
								},
								"force_dirt": false,
								"ignore_vines": false,
								"minimum_size": {
								  "type": "minecraft:two_layers_feature_size",
								  "limit": 1,
								  "lower_size": 0,
								  "upper_size": 0
								},
								"trunk_placer": {
								  "type": "minecraft:cherry_trunk_placer",
								  "base_height": 20,
								  "branch_count": {
									"type": "minecraft:weighted_list",
									"distribution": [
									  {
										"data": 2,
										"weight": 3
									  },
									  {
										"data": 3,
										"weight": 2
									  }
									]
								  },
								  "branch_end_offset_from_top": {
									"type": "minecraft:uniform",
									  "max_inclusive": 6,
									  "min_inclusive": 2
								  },
								  "branch_horizontal_length": {
									"type": "minecraft:uniform",
									  "max_inclusive": 9,
									  "min_inclusive": 2
								  },
								  "branch_start_offset_from_top": {
									"max_inclusive": 0,
									"min_inclusive": -2
								  },
								  "height_rand_a": 6,
								  "height_rand_b": 6
								},
								"trunk_provider": {
								  "type": "minecraft:simple_state_provider",
								  "state": {
									"Name": "minecraft:jungle_log",
									"Properties": {
									  "axis": "y"
									}
								  }
								},
								"root_placer": {
								  "type": "minecraft:mangrove_root_placer",
								  "above_root_placement": {
									"above_root_placement_chance": 0.0,
									"above_root_provider": {
									  "type": "minecraft:simple_state_provider",
									  "state": {
										"Name": "minecraft:air"
									  }
									}
								  },
								  "mangrove_root_placement": {
									"can_grow_through": "#minecraft:mangrove_roots_can_grow_through",
									"max_root_length": 15,
									"max_root_width": 3,
									"muddy_roots_in": [
									  "minecraft:mud",
									  "minecraft:oak_log"
									],
									"muddy_roots_provider": {
									  "type": "minecraft:simple_state_provider",
									  "state": {
										"Name": "minecraft:jungle_wood",
										"Properties": {
										  "axis": "y"
										}
									  }
									},
									"random_skew_chance": 0.5
								  },
								  "root_provider": {
									"type": "minecraft:simple_state_provider",
									"state": {
									  "Name": "minecraft:jungle_wood",
									  "Properties": {
										  "axis": "y"
									  }
									}
								  },
								  "trunk_offset_y": {
									"type": "minecraft:uniform",
									"max_inclusive": 4,
									"min_inclusive": 0
								  }
								}
							  }
							},
							"placement": [
								{
								  "type": "minecraft:count",
								  "count": 10
								}
							]
						}
					}
				},
				"placement": []
			  },
			  {
				"feature": {
					"type": "minecraft:vegetation_patch",
					"config": {
						"surface": "floor",
						"depth": 1,
						"vertical_range": 4,
						"extra_bottom_block_chance": 0,
						"extra_edge_column_chance": 1,
						"vegetation_chance": 1,
						"xz_radius": 0,
						"replaceable": "#minecraft:dirt",
						"ground_state": {
							"type": "minecraft:simple_state_provider",
							"state": {
								"Name": "minecraft:dirt"
							}
						},
						"vegetation_feature": {
							"feature": {
								"type": "minecraft:tree",
								"config": {
								"decorators": [],
								"dirt_provider": {
								"type": "minecraft:simple_state_provider",
								  "state": {
									"Name": "minecraft:dirt"
								  }
								},
								"foliage_placer": {
								  "type": "minecraft:fancy_foliage_placer",
								  "height": 2,
								  "offset": 0,
								  "radius": 3
								},
								"foliage_provider": {
								  "type": "minecraft:weighted_state_provider",
								  "entries": [
									{
									  "data": {
										"Name": "minecraft:jungle_leaves",
										"Properties": {
										  "distance": "7",
										  "persistent": "false",
										  "waterlogged": "false"
										}
									  },
									  "weight": 50
									},
									{
									  "data": {"Name": "minecraft:air"},
									  "weight": 22
									}
								  ]
								},
								"force_dirt": false,
								"ignore_vines": false,
								"minimum_size": {
								  "type": "minecraft:two_layers_feature_size",
								  "limit": 1,
								  "lower_size": 0,
								  "upper_size": 0
								},
								"trunk_placer": {
								  "type": "minecraft:cherry_trunk_placer",
								  "base_height": 25,
								  "branch_count": {
									"type": "minecraft:weighted_list",
									"distribution": [
									  {
										"data": 2,
										"weight": 3
									  },
									  {
										"data": 3,
										"weight": 2
									  }
									]
								  },
								  "branch_end_offset_from_top": {
									"type": "minecraft:uniform",
									  "max_inclusive": 6,
									  "min_inclusive": 2
								  },
								  "branch_horizontal_length": {
									"type": "minecraft:uniform",
									  "max_inclusive": 9,
									  "min_inclusive": 2
								  },
								  "branch_start_offset_from_top": {
									"max_inclusive": 0,
									"min_inclusive": -2
								  },
								  "height_rand_a": 6,
								  "height_rand_b": 6
								},
								"trunk_provider": {
								  "type": "minecraft:simple_state_provider",
								  "state": {
									"Name": "minecraft:jungle_log",
									"Properties": {
									  "axis": "y"
									}
								  }
								},
								"root_placer": {
								  "type": "minecraft:mangrove_root_placer",
								  "above_root_placement": {
									"above_root_placement_chance": 0.0,
									"above_root_provider": {
									  "type": "minecraft:simple_state_provider",
									  "state": {
										"Name": "minecraft:air"
									  }
									}
								  },
								  "mangrove_root_placement": {
									"can_grow_through": "#minecraft:mangrove_roots_can_grow_through",
									"max_root_length": 15,
									"max_root_width": 3,
									"muddy_roots_in": [
									  "minecraft:mud",
									  "minecraft:oak_log"
									],
									"muddy_roots_provider": {
									  "type": "minecraft:simple_state_provider",
									  "state": {
										"Name": "minecraft:jungle_wood",
										"Properties": {
										  "axis": "y"
										}
									  }
									},
									"random_skew_chance": 0.5
								  },
								  "root_provider": {
									"type": "minecraft:simple_state_provider",
									"state": {
									  "Name": "minecraft:jungle_wood",
									  "Properties": {
										  "axis": "y"
									  }
									}
								  },
								  "trunk_offset_y": {
									"type": "minecraft:uniform",
									"max_inclusive": 4,
									"min_inclusive": 0
								  }
								}
							  }
							},
							"placement": [
								{
								  "type": "minecraft:count",
								  "count": 10
								}
							]
						}
					}
				},
				"placement": []
			  },
			  {
				"feature": {
					"type": "minecraft:vegetation_patch",
					"config": {
						"surface": "floor",
						"depth": 1,
						"vertical_range": 4,
						"extra_bottom_block_chance": 0,
						"extra_edge_column_chance": 1,
						"vegetation_chance": 1,
						"xz_radius": 0,
						"replaceable": "#minecraft:dirt",
						"ground_state": {
							"type": "minecraft:simple_state_provider",
							"state": {
								"Name": "minecraft:rooted_dirt"
							}
						},
						"vegetation_feature": {
							"feature": {
								"type": "minecraft:tree",
								"config": {
								"decorators": [],
								"dirt_provider": {
								"type": "minecraft:simple_state_provider",
								  "state": {
									"Name": "minecraft:dirt"
								  }
								},
								"foliage_placer": {
								  "type": "minecraft:fancy_foliage_placer",
								  "height": 2,
								  "offset": 0,
								  "radius": 3
								},
								"foliage_provider": {
								  "type": "minecraft:weighted_state_provider",
								  "entries": [
									{
									  "data": {
										"Name": "minecraft:jungle_leaves",
										"Properties": {
										  "distance": "7",
										  "persistent": "false",
										  "waterlogged": "false"
										}
									  },
									  "weight": 50
									},
									{
									  "data": {"Name": "minecraft:air"},
									  "weight": 22
									}
								  ]
								},
								"force_dirt": false,
								"ignore_vines": false,
								"minimum_size": {
								  "type": "minecraft:two_layers_feature_size",
								  "limit": 1,
								  "lower_size": 0,
								  "upper_size": 0
								},
								"trunk_placer": {
								  "type": "minecraft:cherry_trunk_placer",
								  "base_height": 32,
								  "branch_count": {
									"type": "minecraft:weighted_list",
									"distribution": [
									  {
										"data": 2,
										"weight": 3
									  },
									  {
										"data": 3,
										"weight": 2
									  }
									]
								  },
								  "branch_end_offset_from_top": {
									"type": "minecraft:uniform",
									  "max_inclusive": 6,
									  "min_inclusive": 2
								  },
								  "branch_horizontal_length": {
									"type": "minecraft:uniform",
									  "max_inclusive": 9,
									  "min_inclusive": 2
								  },
								  "branch_start_offset_from_top": {
									"max_inclusive": 0,
									"min_inclusive": -2
								  },
								  "height_rand_a": 6,
								  "height_rand_b": 6
								},
								"trunk_provider": {
								  "type": "minecraft:simple_state_provider",
								  "state": {
									"Name": "minecraft:jungle_log",
									"Properties": {
									  "axis": "y"
									}
								  }
								},
								"root_placer": {
								  "type": "minecraft:mangrove_root_placer",
								  "above_root_placement": {
									"above_root_placement_chance": 0.0,
									"above_root_provider": {
									  "type": "minecraft:simple_state_provider",
									  "state": {
										"Name": "minecraft:air"
									  }
									}
								  },
								  "mangrove_root_placement": {
									"can_grow_through": "#minecraft:mangrove_roots_can_grow_through",
									"max_root_length": 15,
									"max_root_width": 3,
									"muddy_roots_in": [
									  "minecraft:mud",
									  "minecraft:oak_log"
									],
									"muddy_roots_provider": {
									  "type": "minecraft:simple_state_provider",
									  "state": {
										"Name": "minecraft:jungle_wood",
										"Properties": {
										  "axis": "y"
										}
									  }
									},
									"random_skew_chance": 0.5
								  },
								  "root_provider": {
									"type": "minecraft:simple_state_provider",
									"state": {
									  "Name": "minecraft:jungle_wood",
									  "Properties": {
										  "axis": "y"
									  }
									}
								  },
								  "trunk_offset_y": {
									"type": "minecraft:uniform",
									"max_inclusive": 4,
									"min_inclusive": 0
								  }
								}
							  }
							},
							"placement": [
								{
								  "type": "minecraft:count",
								  "count": 10
								}
							]
						}
					}
				},
				"placement": []
			  }
			]
		  }
}