{
  "type": "minecraft:random_patch",
  "config": {
    "feature": {
		"feature": {
		  "type": "minecraft:tree",
		  "config": {
			"decorators": [
			  {
				"type": "minecraft:attached_to_leaves",
				"block_provider": {
				  "type": "minecraft:randomized_int_state_provider",
				  "property": "age",
				  "source": {
					"type": "minecraft:simple_state_provider",
					"state": {
					  "Name": "minecraft:mangrove_propagule",
					  "Properties": {
						"age": "0",
						"hanging": "true",
						"stage": "0",
						"waterlogged": "false"
					  }
					}
				  },
				  "values": {
					"type": "minecraft:uniform",
					"max_inclusive": 4,
					"min_inclusive": 0
				  }
				},
				"directions": [
				  "down"
				],
				"exclusion_radius_xz": 1,
				"exclusion_radius_y": 0,
				"probability": 0.14,
				"required_empty_blocks": 2
			  },
			  {
				"type": "minecraft:beehive",
				"probability": 0.01
			  }
			],
			"dirt_provider": {
			  "type": "minecraft:simple_state_provider",
			  "state": {
				"Name": "minecraft:mangrove_roots"
			  }
			},
			"foliage_placer": {
			  "type": "minecraft:fancy_foliage_placer",
			  "height": 3,
			  "offset": 1,
			  "radius": 3
			},
			"foliage_provider": {
			  "type": "minecraft:weighted_state_provider",
			  "entries": [
				{
				  "data": {
					"Name": "minecraft:mangrove_leaves",
					"Properties": {
					  "distance": "7",
					  "persistent": "false",
					  "waterlogged": "false"
					}
				  },
				  "weight": 50
				},
				{
				  "data": {"Name": "minecraft:air"},
				  "weight": 15
				}
			  ]
			},
			"force_dirt": false,
			"ignore_vines": true,
			"minimum_size": {
			  "type": "minecraft:two_layers_feature_size",
			  "limit": 2,
			  "lower_size": 0,
			  "upper_size": 0
			},
			"root_placer": {
			  "type": "minecraft:mangrove_root_placer",
			  "above_root_placement": {
				"above_root_placement_chance": 0.0,
				"above_root_provider": {
				  "type": "minecraft:simple_state_provider",
				  "state": {
					"Name": "minecraft:moss_carpet"
				  }
				}
			  },
			  "mangrove_root_placement": {
				"can_grow_through": "#minecraft:mangrove_roots_can_grow_through",
				"max_root_length": 15,
				"max_root_width": 10,
				"muddy_roots_in": [
				  "minecraft:mud",
				  "minecraft:muddy_mangrove_roots"
				],
				"muddy_roots_provider": {
				  "type": "minecraft:simple_state_provider",
				  "state": {
					"Name": "minecraft:muddy_mangrove_roots",
					"Properties": {
					  "axis": "y"
					}
				  }
				},
				"random_skew_chance": 0.5
			  },
			  "root_provider": {
				"type": "minecraft:simple_state_provider",
				"state": {
				  "Name": "minecraft:mangrove_roots",
				  "Properties": {
					"waterlogged": "false"
				  }
				}
			  },
			  "trunk_offset_y": {
				"type": "minecraft:uniform",
				"max_inclusive": 4,
				"min_inclusive": 2
			  }
			},
			"trunk_placer": {
			  "type": "minecraft:cherry_trunk_placer",
			  "base_height": 1,
			  "branch_count": {
				"type": "minecraft:weighted_list",
				"distribution": [
				  {
					"data": 1,
					"weight": 1
				  },
				  {
					"data": 2,
					"weight": 1
				  }
				]
			  },
			  "branch_end_offset_from_top": {
				"type": "minecraft:uniform",
				  "max_inclusive": 3,
				  "min_inclusive": 0
			  },
			  "branch_horizontal_length": {
				"type": "minecraft:uniform",
				  "max_inclusive": 3,
				  "min_inclusive": 2
			  },
			  "branch_start_offset_from_top": {
				"max_inclusive": 0,
				"min_inclusive": -2
			  },
			  "height_rand_a": 2,
			  "height_rand_b": 2
			},
			"trunk_provider": {
			  "type": "minecraft:simple_state_provider",
			  "state": {
				"Name": "minecraft:stripped_spruce_log",
				"Properties": {
				  "axis": "y"
				}
			  }
			}
		  }
		},
	    "placement": [
	      {
	        "type": "minecraft:count",
	        "count": 1
	      }
	    ]
    },
    "tries": 1,
    "xz_spread": 0,
    "y_spread": 0
  }
}