{
  "type": "minecraft:random_selector",
  "config": {
    "default": "still_life:pf_foliage/ground/coral/detail/brain_coral_detail",
    "features": [
      {
        "chance": 0.2,
        "feature": "still_life:pf_foliage/ground/coral/detail/brain_coral_detail"
      },
      {
        "chance": 0.2,
        "feature": "still_life:pf_foliage/ground/coral/detail/bubble_coral_detail"
      },
      {
        "chance": 0.2,
        "feature": "still_life:pf_foliage/ground/coral/detail/fire_coral_detail"
      },
      {
        "chance": 0.2,
        "feature": "still_life:pf_foliage/ground/coral/detail/horn_coral_detail"
      }
    ]
  }
}