{
  "type": "minecraft:random_selector",
  "config": {
    "default": "still_life:pf_foliage/trees/dead_tree",
    "features": [
      {
        "chance": 0.7,
        "feature": "still_life:pf_foliage/bushes/birch_bush"
      },
      {
        "chance": 0.7,
        "feature": "still_life:pf_foliage/bushes/oak_bush"
      },
      {
        "chance": 0.5,
        "feature": "still_life:pf_foliage/bushes/birch_bush_small"
      },
      {
        "chance": 0.4,
        "feature": "still_life:pf_foliage/trees/dead_tree"
      }
    ]
  }
}