{
  "type": "minecraft:random_selector",
  "config": {
    "default": "still_life:pf_foliage/bushes/acacia_bush_big",
    "features": [
      {
        "chance": 0.003,
        "feature": "still_life:pf_foliage/trees/baobab"
      },
      {
        "chance": 0.002,
        "feature": "still_life:pf_foliage/trees/baobab_large"
      },
      {
        "chance": 0.7,
        "feature": "still_life:pf_foliage/trees/acacia"
      },
      {
        "chance": 0.2,
        "feature": "still_life:pf_foliage/trees/marula"
      },
      {
        "chance": 0.3,
        "feature": "still_life:pf_foliage/trees/mahogany"
      },
      {
        "chance": 0.1,
        "feature": "still_life:pf_foliage/bushes/acacia_bush_big"
      },
      {
        "chance": 0.05,
        "feature": "still_life:pf_foliage/bushes/oak_bush"
      },
      {
        "chance": 0.1,
        "feature": "still_life:pf_foliage/bushes/birch_bush_small"
      },
      {
        "chance": 0.1,
        "feature": "still_life:pf_foliage/bushes/birch_bush"
      }
    ]
  }
}