{
  "type": "minecraft:random_selector",
  "config": {
    "default": "still_life:pf_foliage/trees/spruce_sparse",
    "features": [
      {
        "chance": 0.25,
        "feature": "still_life:pf_foliage/trees/pine_sparse"
      },
      {
        "chance": 0.2,
        "feature": "still_life:pf_foliage/trees/pine"
      },
      {
        "chance": 0.2,
        "feature": "still_life:pf_foliage/trees/spruce"
      },
      {
        "chance": 0.8,
        "feature": "still_life:pf_foliage/trees/spruce_small"
      },
      {
        "chance": 0.5,
        "feature": "still_life:pf_foliage/trees/birch_noise"
      },
      {
        "chance": 0.1,
        "feature": "still_life:pf_foliage/trees/birch"
      },
      {
        "chance": 0.4,
        "feature": "still_life:pf_foliage/bushes/birch_bush_small"
      },
      {
        "chance": 0.6,
        "feature": "still_life:pf_foliage/bushes/birch_bush"
      }
    ]
  }
}