{
  "type": "minecraft:random_selector",
  "config": {
    "default": "still_life:pf_foliage/bushes/birch_bush",
    "features": [
      {
        "chance": 0.01,
        "feature": "still_life:pf_foliage/bushes/oak_bush"
      },
      {
        "chance": 0.5,
        "feature": "still_life:pf_foliage/bushes/birch_bush_small"
      },
      {
        "chance": 0.6,
        "feature": "still_life:pf_foliage/bushes/birch_bush"
      },
      {
        "chance": 0.6,
        "feature": "still_life:pf_foliage/bushes/blooming_azalea_bush_small"
      }
    ]
  }
}