{
  "type": "minecraft:random_patch",
  "config": {
    "feature": {
	  "feature": {
		  "type": "minecraft:disk",
		  "config": {
			"half_height": 0,
			"radius": {
			  "type": "minecraft:uniform",
			  "max_inclusive": 2,
			  "min_inclusive": 1
			},
			"state_provider": {
			  "fallback": {
				  "type": "minecraft:weighted_state_provider",
				  "entries": [
					{
					  "data": {
						"Name": "minecraft:verdant_froglight"
					  },
					  "weight": 100
					},
					{
					  "data": {
						"Name": "minecraft:slime_block"
					  },
					  "weight": 5
					}
				  ]
			  },
			  "rules": [
				{
				  "if_true": {
					"type": "minecraft:matching_blocks",
					"blocks": "minecraft:air",
					"offset": [
					  0,
					  -1,
					  0
					]
				  },
				  "then": {
					  "type": "minecraft:weighted_state_provider",
					  "entries": [
						{
						  "data": {
							"Name": "minecraft:verdant_froglight"
						  },
						  "weight": 100
						},
						{
						  "data": {
							"Name": "minecraft:slime_block"
						  },
						  "weight": 5
						}
					  ]
				  }
				}
			  ]
			},
			"target": {
			  "type": "minecraft:matching_blocks",
			  "blocks": [
				"minecraft:air",
				"minecraft:cave_air"
			  ]
			}
		  }
	    },
		"placement": [
			{
			  "type": "minecraft:block_predicate_filter",
			  "predicate": {
				"type": "minecraft:any_of",
				"predicates": [
				  {
					"type": "minecraft:matching_blocks",
					"blocks": [
					  "minecraft:deepslate",
					  "minecraft:stone",
					  "minecraft:granite",
					  "minecraft:diorite",
					  "minecraft:tuff",
					  "minecraft:andesite",
					  "minecraft:basalt",
					  "minecraft:smooth_basalt",
					  "minecraft:blackstone",
					  "minecraft:calcite"
					],
					"offset": [
					  0,
					  0,
					  1
					]
				  },
				  {
					"type": "minecraft:matching_blocks",
					"blocks": [
					  "minecraft:deepslate",
					  "minecraft:stone",
					  "minecraft:granite",
					  "minecraft:diorite",
					  "minecraft:tuff",
					  "minecraft:andesite",
					  "minecraft:basalt",
					  "minecraft:smooth_basalt",
					  "minecraft:blackstone",
					  "minecraft:calcite"
					],
					"offset": [
					  0,
					  0,
					  -1
					]
				  },
				  {
					"type": "minecraft:matching_blocks",
					"blocks": [
					  "minecraft:deepslate",
					  "minecraft:stone",
					  "minecraft:granite",
					  "minecraft:diorite",
					  "minecraft:tuff",
					  "minecraft:andesite",
					  "minecraft:basalt",
					  "minecraft:smooth_basalt",
					  "minecraft:blackstone",
					  "minecraft:calcite"
					],
					"offset": [
					  1,
					  0,
					  0
					]
				  },
				  {
					"type": "minecraft:matching_blocks",
					"blocks": [
					  "minecraft:deepslate",
					  "minecraft:stone",
					  "minecraft:granite",
					  "minecraft:diorite",
					  "minecraft:tuff",
					  "minecraft:andesite",
					  "minecraft:basalt",
					  "minecraft:smooth_basalt",
					  "minecraft:blackstone",
					  "minecraft:calcite"
					],
					"offset": [
					  1,
					  0,
					  0
					]
				  }
				]
			  }
			},
			{
			  "type": "minecraft:environment_scan",
			  "allowed_search_condition": {
				"type": "minecraft:matching_blocks",
				"blocks": "minecraft:air"
			  },
			  "direction_of_search": "down",
			  "max_steps": 12,
			  "target_condition": {
					"type": "minecraft:matching_blocks",
					"blocks": [
						"minecraft:air"
					],
					"offset": [
					  0,
					  -1,
					  0
					]
			  }
			}
		]
    },
    "tries": 100,
    "xz_spread": 2,
    "y_spread": 10
  }
}