{
  "type": "minecraft:random_patch",
  "config": {
    "feature": {
	  "feature": {
		  "type": "minecraft:simple_random_selector",
		  "config": {
			"features": [
			  {
				"feature": {
				  "type": "minecraft:huge_brown_mushroom",
				  "config": {
					"cap_provider": {
					  "type": "minecraft:simple_state_provider",
					  "state": {
						"Name": "minecraft:brown_mushroom_block",
						"Properties": {
						  "down": "false",
						  "east": "true",
						  "north": "true",
						  "south": "true",
						  "up": "true",
						  "west": "true"
						}
					  }
					},
					"foliage_radius": 3,
					"stem_provider": {
					  "type": "minecraft:simple_state_provider",
					  "state": {
						"Name": "minecraft:mushroom_stem",
						"Properties": {
						  "down": "false",
						  "east": "true",
						  "north": "true",
						  "south": "true",
						  "up": "false",
						  "west": "true"
						}
					  }
					}
				  }
				},
				"placement": []
			  },
			  {
				"feature": {
				  "type": "minecraft:huge_brown_mushroom",
				  "config": {
					"cap_provider": {
					  "type": "minecraft:simple_state_provider",
					  "state": {
						"Name": "minecraft:brown_mushroom_block",
						"Properties": {
						  "down": "false",
						  "east": "true",
						  "north": "true",
						  "south": "true",
						  "up": "true",
						  "west": "true"
						}
					  }
					},
					"foliage_radius": 1,
					"stem_provider": {
					  "type": "minecraft:simple_state_provider",
					  "state": {
						"Name": "minecraft:mushroom_stem",
						"Properties": {
						  "down": "false",
						  "east": "true",
						  "north": "true",
						  "south": "true",
						  "up": "false",
						  "west": "true"
						}
					  }
					}
				  }
				},
				"placement": []
			  },
			  {
				"feature": {
				  "type": "minecraft:block_column",
				  "config": {
					"allowed_placement": {
					  "type": "minecraft:matching_blocks",
					  "blocks": [
						"minecraft:air"
					  ]
					},
					"direction": "up",
					"layers": [
					  {
						"height": {
						  "type": "minecraft:weighted_list",
						  "distribution": [
							{
							  "data": {
								"type": "minecraft:uniform",
								"max_inclusive": 2,
								"min_inclusive": 1
							  },
							  "weight": 50
							},
							{
							  "data": {
								"type": "minecraft:uniform",
								"max_inclusive": 3,
								"min_inclusive": 1
							  },
							  "weight": 10
							}
						  ]
						},
						"provider": {
						  "type": "minecraft:simple_state_provider",
						  "state": {
							"Name": "minecraft:mushroom_stem",
							"Properties": {
							  "down": "false",
							  "east": "true",
							  "north": "true",
							  "south": "true",
							  "up": "false",
							  "west": "true"
							}
						  }
						}
					  },
					  {
						"height": 1,
						"provider": {
						  "type": "minecraft:simple_state_provider",
						  "state": {
							"Name": "minecraft:brown_mushroom_block",
							"Properties": {
							  "down": "false",
							  "east": "true",
							  "north": "true",
							  "south": "true",
							  "up": "true",
							  "west": "true"
							}
						  }
						}
					  }
					],
					"prioritize_tip": true
				  }
				},
				"placement": []
			  },
			  {
				"feature": {
				  "type": "minecraft:huge_brown_mushroom",
				  "config": {
					"cap_provider": {
					  "type": "minecraft:simple_state_provider",
					  "state": {
						"Name": "minecraft:brown_mushroom_block",
						"Properties": {
						  "down": "false",
						  "east": "true",
						  "north": "true",
						  "south": "true",
						  "up": "true",
						  "west": "true"
						}
					  }
					},
					"foliage_radius": 2,
					"stem_provider": {
					  "type": "minecraft:simple_state_provider",
					  "state": {
						"Name": "minecraft:mushroom_stem",
						"Properties": {
						  "down": "false",
						  "east": "true",
						  "north": "true",
						  "south": "true",
						  "up": "false",
						  "west": "true"
						}
					  }
					}
				  }
				},
				"placement": []
			  }
			]
		  }
	    },
		"placement": [
			{
			  "type": "minecraft:environment_scan",
			  "allowed_search_condition": {
				"type": "minecraft:matching_blocks",
				"blocks": "minecraft:air"
			  },
			  "direction_of_search": "down",
			  "max_steps": 12,
			  "target_condition": {
					"type": "minecraft:matching_blocks",
					"blocks": [
						"minecraft:mycelium"
					],
					"offset": [
					  0,
					  0,
					  0
					]
			  }
			},
			{
			  "type": "minecraft:random_offset",
			  "xz_spread": 0,
			  "y_spread": 1
			}
		]
    },
    "tries": 30,
    "xz_spread": 15,
    "y_spread": 5
  }
}