{
  "type": "minecraft:random_selector",
  "config": {
    "default": "still_life:pf_foliage/bushes/oleander",
    "features": [
      {
        "chance": 0.2,
        "feature": "still_life:pf_foliage/bushes/oleander"
      },
      {
        "chance": 0.2,
        "feature": "still_life:pf_foliage/bushes/oak_bush"
      },
      {
        "chance": 0.6,
        "feature": "still_life:pf_foliage/bushes/birch_bush_small"
      },
      {
        "chance": 0.2,
        "feature": "still_life:pf_foliage/bushes/azalea_bush"
      },
      {
        "chance": 0.05,
        "feature": "still_life:pf_foliage/trees/cypress"
      },
      {
        "chance": 0.012,
        "feature": "still_life:pf_foliage/trees/cedar"
      },
      {
        "chance": 0.4,
        "feature": "still_life:pf_foliage/bushes/birch_bush"
      }
    ]
  }
}