{
  "type": "minecraft:random_selector",
  "config": {
    "default": "still_life:pf_foliage/trees/spruce_sparse",
    "features": [
      {
        "chance": 0.2,
        "feature": "still_life:pf_foliage/trees/beech"
      },
      {
        "chance": 0.07,
        "feature": "still_life:pf_foliage/trees/oak_old"
      },
      {
        "chance": 0.4,
        "feature": "still_life:pf_foliage/trees/oak"
      },
      {
        "chance": 0.2,
        "feature": "still_life:pf_foliage/trees/pine_sparse"
      },
      {
        "chance": 0.3,
        "feature": "still_life:pf_foliage/trees/spruce_sparse"
      },
      {
        "chance": 0.5,
        "feature": "still_life:pf_foliage/trees/birch_noise"
      },
      {
        "chance": 0.09,
        "feature": "still_life:pf_foliage/bushes/oak_bush"
      },
      {
        "chance": 0.1,
        "feature": "still_life:pf_foliage/bushes/birch_bush_small"
      },
      {
        "chance": 0.06,
        "feature": "still_life:pf_foliage/bushes/birch_bush"
      }
    ]
  }
}