{
  "type": "minecraft:random_selector",
  "config": {
    "default": "still_life:pf_foliage/trees/spruce_sparse",
    "features": [
      {
        "chance": 0.1,
        "feature": "still_life:pf_foliage/trees/beech"
      },
      {
        "chance": 0.6,
        "feature": "still_life:pf_foliage/trees/beech_large"
      },
      {
        "chance": 0.025,
        "feature": "still_life:pf_foliage/trees/oak_old"
      },
      {
        "chance": 0.05,
        "feature": "still_life:pf_foliage/trees/oak_old_large"
      },
      {
        "chance": 0.01,
        "feature": "still_life:pf_foliage/trees/oak_ancient"
      },
      {
        "chance": 0.2,
        "feature": "still_life:pf_foliage/trees/oak_large"
      },
      {
        "chance": 0.1,
        "feature": "still_life:pf_foliage/trees/oak"
      },
      {
        "chance": 0.2,
        "feature": "still_life:pf_foliage/trees/pine_sparse"
      },
      {
        "chance": 0.2,
        "feature": "still_life:pf_foliage/trees/birch_noise"
      },
      {
        "chance": 0.7,
        "feature": "still_life:pf_foliage/bushes/oak_bush"
      },
      {
        "chance": 0.6,
        "feature": "still_life:pf_foliage/bushes/birch_bush_small"
      },
      {
        "chance": 0.2,
        "feature": "still_life:pf_foliage/bushes/birch_bush"
      }
    ]
  }
}