{
  "type": "minecraft:random_selector",
  "config": {
    "default": "still_life:pf_foliage/trees/mahogany",
    "features": [
      {
        "chance": 0.3,
        "feature": "still_life:pf_foliage/bushes/oak_bush"
      },
      {
        "chance": 0.1,
        "feature": "still_life:pf_foliage/bushes/birch_bush"
      },
      {
        "chance": 0.1,
        "feature": "still_life:pf_foliage/bushes/azalea_bush"
      },
      {
        "chance": 0.02,
        "feature": "still_life:pf_foliage/bushes/blooming_azalea_bush"
      },
      {
        "chance": 0.025,
        "feature": "still_life:pf_foliage/trees/marula"
      },
      {
        "chance": 0.4,
        "feature": "still_life:pf_foliage/trees/kapok"
      },
      {
        "chance": 0.4,
        "feature": "still_life:pf_foliage/trees/kapok_small"
      },
      {
        "chance": 0.6,
        "feature": "still_life:pf_foliage/trees/teak"
      },
      {
        "chance": 0.2,
        "feature": "still_life:pf_foliage/trees/mahogany"
      },
      {
        "chance": 0.1,
        "feature": "still_life:pf_foliage/trees/mahogany_large"
      }
    ]
  }
}