{
  "type": "minecraft:random_selector",
  "config": {
    "default": "still_life:pf_foliage/bushes/oleander",
    "features": [
      {
        "chance": 0.4,
        "feature": "still_life:pf_foliage/trees/olive"
      },
      {
        "chance": 0.1,
        "feature": "still_life:pf_foliage/trees/olive_large"
      },
      {
        "chance": 0.2,
        "feature": "still_life:pf_foliage/trees/black_pine"
      },
      {
        "chance": 0.2,
        "feature": "still_life:pf_foliage/trees/black_pine_sparse"
      },
      {
        "chance": 0.1,
        "feature": "still_life:pf_foliage/bushes/oak_bush"
      },
      {
        "chance": 0.1,
        "feature": "still_life:pf_foliage/trees/cypress"
      },
      {
        "chance": 0.05,
        "feature": "still_life:pf_foliage/trees/fir"
      },
      {
        "chance": 0.2,
        "feature": "still_life:pf_foliage/bushes/birch_bush_small"
      },
      {
        "chance": 0.06,
        "feature": "still_life:pf_foliage/bushes/birch_bush"
      }
    ]
  }
}