{
  "type": "minecraft:random_selector",
  "config": {
    "default": "still_life:pf_foliage/trees/mopane",
    "features": [
      {
        "chance": 0.3,
        "feature": "still_life:pf_foliage/trees/acacia"
      },
      {
        "chance": 0.3,
        "feature": "still_life:pf_foliage/bushes/birch_bush"
      },
      {
        "chance": 0.3,
        "feature": "still_life:pf_foliage/bushes/acacia_bush_big"
      },
      {
        "chance": 0.1,
        "feature": "still_life:pf_foliage/trees/dead_tree"
      }
    ]
  }
}