{
  "type": "minecraft:random_selector",
  "config": {
    "default": "still_life:pf_foliage/trees/spruce_sparse",
    "features": [
      {
        "chance": 0.6,
        "feature": "still_life:pf_foliage/trees/spruce_sparse"
      },
      {
        "chance": 0.2,
        "feature": "still_life:pf_foliage/trees/spruce"
      },
      {
        "chance": 0.1,
        "feature": "still_life:pf_foliage/bushes/oak_bush"
      },
      {
        "chance": 0.3,
        "feature": "still_life:pf_foliage/bushes/birch_bush_small"
      },
      {
        "chance": 0.2,
        "feature": "still_life:pf_foliage/bushes/birch_bush"
      }
    ]
  }
}