{
  "type": "minecraft:random_selector",
  "config": {
    "default": "still_life:pf_foliage/bushes/birch_bush",
    "features": [
      {
        "chance": 0.01,
        "feature": "still_life:pf_foliage/trees/willow_dead"
      },
      {
        "chance": 0.03,
        "feature": "still_life:pf_foliage/trees/birch_noise"
      },
      {
        "chance": 0.3,
        "feature": "still_life:pf_foliage/bushes/azalea_bush"
      },
      {
        "chance": 0.6,
        "feature": "still_life:pf_foliage/bushes/oak_bush"
      },
      {
        "chance": 0.8,
        "feature": "still_life:pf_foliage/bushes/birch_bush_small"
      },
      {
        "chance": 0.5,
        "feature": "still_life:pf_foliage/bushes/birch_bush"
      }
    ]
  }
}