{
  "type": "minecraft:random_selector",
  "config": {
    "default": "still_life:pf_foliage/trees/mahogany",
    "features": [
      {
        "chance": 0.3,
        "feature": "still_life:pf_foliage/bushes/oak_bush"
      },
      {
        "chance": 0.1,
        "feature": "still_life:pf_foliage/bushes/birch_bush"
      },
      {
        "chance": 0.04,
        "feature": "still_life:pf_foliage/trees/marula"
      },
      {
        "chance": 0.3,
        "feature": "still_life:pf_foliage/trees/teak"
      },
      {
        "chance": 0.6,
        "feature": "still_life:pf_foliage/trees/mahogany"
      },
      {
        "chance": 0.1,
        "feature": "still_life:pf_foliage/trees/acacia"
      },
      {
        "chance": 0.075,
        "feature": "still_life:pf_foliage/trees/mahogany_large"
      }
    ]
  }
}