{
  "type": "minecraft:random_selector",
  "config": {
    "default": "still_life:pf_foliage/trees/larch",
    "features": [
      {
        "chance": 0.2,
        "feature": "still_life:pf_foliage/trees/larch"
      },
      {
        "chance": 0.05,
        "feature": "still_life:pf_foliage/trees/spruce"
      },
      {
        "chance": 0.04,
        "feature": "still_life:pf_foliage/trees/birch_noise"
      },
      {
        "chance": 0.3,
        "feature": "still_life:pf_foliage/bushes/birch_bush_small"
      },
      {
        "chance": 0.5,
        "feature": "still_life:pf_foliage/bushes/birch_bush"
      }
    ]
  }
}