{
  "type": "minecraft:random_selector",
  "config": {
    "default": "still_life:pf_foliage/bushes/oak_bush",
    "features": [
      {
        "chance": 0.001,
        "feature": "still_life:pf_foliage/trees/baobab"
      },
      {
        "chance": 0.001,
        "feature": "still_life:pf_foliage/trees/baobab_large"
      },
      {
        "chance": 0.7,
        "feature": "still_life:pf_foliage/trees/acacia"
      },
      {
        "chance": 0.2,
        "feature": "still_life:pf_foliage/trees/acacia_large"
      },
      {
        "chance": 0.1,
        "feature": "still_life:pf_foliage/trees/marula"
      },
      {
        "chance": 0.1,
        "feature": "still_life:pf_foliage/bushes/oak_bush"
      },
      {
        "chance": 0.1,
        "feature": "still_life:pf_foliage/bushes/acacia_bush_big"
      }
    ]
  }
}