
{
  "type": "squeeze",
  "argument": {
    "type": "mul",
    "argument1": 0.64, 
    "argument2": {
      "type": "interpolated",
      "argument": {
        "type": "add",
        "argument1": 0.1171875, 
        "argument2": {
          "type": "mul",
          "argument1": {
            "type": "y_clamped_gradient",
            "from_y": -64,
            "to_y": -40,
            "from_value": 0,
            "to_value": 1
          },
          "argument2": {
            "type": "add",
            "argument1": -0.1171875, 
            "argument2": {
              "type": "add",
              "argument1": -0.078125, 
              "argument2": {
                "type": "mul",
                "argument1": {
                  "type": "y_clamped_gradient",
                  "from_y": 500,
                  "to_y": 520,
                  "from_value": 1,
                  "to_value": 0
                },
                "argument2": {
                  "type": "add",
                  "argument1": 0.078125, 
                  "argument2": {
                    "type": "add",
                    "argument1": "lithosphere:sloped_cheese", 
                    "argument2": {
                      "type": "mul",
                      "argument1": {
                        "type": "minecraft:spline",
                        "spline": {
                          "coordinate": "lithosphere:sloped_cheese", 
                          "points": [
                            {
                              "location": 0.10,
                              "value": 0.0,
                              "derivative": 0
                            },
                            {
                              "location": 0.45,
                              "value": 1.0,
                              "derivative": 0
                            }
                          ]
                        }
                      },
                      "argument2": "lithosphere:caves/caves_final" 
                    }
                  }
                }
              }
            }
          }
        }
      }
    }
  }
}